{ "timestamp":"2018-12-25T03:05:54Z", "event":"Market", "MarketID":3222367232, "StationName":"Suri Gateway", "StarSystem":"Vesuvit", "Items":[ 
{ "id":128049152, "Name":"$platinum_name;", "Name_Localised":"Platin", "Category":"$MARKET_category_metals;", "Category_Localised":"Metalle", "BuyPrice":0, "SellPrice":50783, "MeanPrice":42501, "StockBracket":0, "DemandBracket":2, "Stock":0, "Demand":6188, "Consumer":true, "Producer":false, "Rare":false }, 
{ "id":128049153, "Name":"$palladium_name;", "Name_Localised":"Palladium", "Category":"$MARKET_category_metals;", "Category_Localised":"Metalle", "BuyPrice":0, "SellPrice":14013, "MeanPrice":12956, "StockBracket":0, "DemandBracket":2, "Stock":0, "Demand":81294, "Consumer":true, "Producer":false, "Rare":false }, 
{ "id":128049154, "Name":"$gold_name;", "Name_Localised":"Gold", "Category":"$MARKET_category_metals;", "Category_Localised":"Metalle", "BuyPrice":0, "SellPrice":10837, "MeanPrice":9842, "StockBracket":0, "DemandBracket":2, "Stock":0, "Demand":97229, "Consumer":true, "Producer":false, "Rare":false }, 
{ "id":128049155, "Name":"$silver_name;", "Name_Localised":"Silber", "Category":"$MARKET_category_metals;", "Category_Localised":"Metalle", "BuyPrice":0, "SellPrice":5142, "MeanPrice":4764, "StockBracket":0, "DemandBracket":2, "Stock":0, "Demand":17191, "Consumer":true, "Producer":false, "Rare":false }, 
{ "id":128049162, "Name":"$cobalt_name;", "Name_Localised":"Cobalt", "Category":"$MARKET_category_metals;", "Category_Localised":"Metalle", "BuyPrice":0, "SellPrice":842, "MeanPrice":752, "StockBracket":0, "DemandBracket":2, "Stock":0, "Demand":37418, "Consumer":true, "Producer":false, "Rare":false }, 
{ "id":128049166, "Name":"$water_name;", "Name_Localised":"Wasser", "Category":"$MARKET_category_chemicals;", "Category_Localised":"Chemikalien", "BuyPrice":0, "SellPrice":568, "MeanPrice":269, "StockBracket":0, "DemandBracket":2, "Stock":0, "Demand":73413, "Consumer":true, "Producer":false, "Rare":false }, 
{ "id":128049168, "Name":"$beryllium_name;", "Name_Localised":"Beryllium", "Category":"$MARKET_category_metals;", "Category_Localised":"Metalle", "BuyPrice":0, "SellPrice":9020, "MeanPrice":8130, "StockBracket":0, "DemandBracket":2, "Stock":0, "Demand":29355, "Consumer":true, "Producer":false, "Rare":false }, 
{ "id":128049169, "Name":"$indium_name;", "Name_Localised":"Indium", "Category":"$MARKET_category_metals;", "Category_Localised":"Metalle", "BuyPrice":0, "SellPrice":6515, "MeanPrice":5647, "StockBracket":0, "DemandBracket":2, "Stock":0, "Demand":34102, "Consumer":true, "Producer":false, "Rare":false }, 
{ "id":128049170, "Name":"$gallium_name;", "Name_Localised":"Gallium", "Category":"$MARKET_category_metals;", "Category_Localised":"Metalle", "BuyPrice":0, "SellPrice":5877, "MeanPrice":5065, "StockBracket":0, "DemandBracket":2, "Stock":0, "Demand":82599, "Consumer":true, "Producer":false, "Rare":false }, 
{ "id":128049171, "Name":"$tantalum_name;", "Name_Localised":"Tantal", "Category":"$MARKET_category_metals;", "Category_Localised":"Metalle", "BuyPrice":0, "SellPrice":4639, "MeanPrice":3945, "StockBracket":0, "DemandBracket":2, "Stock":0, "Demand":202586, "Consumer":true, "Producer":false, "Rare":false }, 
{ "id":128049172, "Name":"$uranium_name;", "Name_Localised":"Uran", "Category":"$MARKET_category_metals;", "Category_Localised":"Metalle", "BuyPrice":0, "SellPrice":3318, "MeanPrice":2755, "StockBracket":0, "DemandBracket":2, "Stock":0, "Demand":279471, "Consumer":true, "Producer":false, "Rare":false }, 
{ "id":128049173, "Name":"$lithium_name;", "Name_Localised":"Lithium", "Category":"$MARKET_category_metals;", "Category_Localised":"Metalle", "BuyPrice":0, "SellPrice":2183, "MeanPrice":1695, "StockBracket":0, "DemandBracket":2, "Stock":0, "Demand":208297, "Consumer":true, "Producer":false, "Rare":false }, 
{ "id":128049174, "Name":"$titanium_name;", "Name_Localised":"Titan", "Category":"$MARKET_category_metals;", "Category_Localised":"Metalle", "BuyPrice":0, "SellPrice":1564, "MeanPrice":1115, "StockBracket":0, "DemandBracket":2, "Stock":0, "Demand":288896, "Consumer":true, "Producer":false, "Rare":false }, 
{ "id":128049175, "Name":"$copper_name;", "Name_Localised":"Kupfer", "Category":"$MARKET_category_metals;", "Category_Localised":"Metalle", "BuyPrice":0, "SellPrice":970, "MeanPrice":612, "StockBracket":0, "DemandBracket":2, "Stock":0, "Demand":562763, "Consumer":true, "Producer":false, "Rare":false }, 
{ "id":128049176, "Name":"$aluminium_name;", "Name_Localised":"Aluminium", "Category":"$MARKET_category_metals;", "Category_Localised":"Metalle", "BuyPrice":0, "SellPrice":819, "MeanPrice":473, "StockBracket":0, "DemandBracket":2, "Stock":0, "Demand":787416, "Consumer":true, "Producer":false, "Rare":false }, 
{ "id":128049177, "Name":"$algae_name;", "Name_Localised":"Algen", "Category":"$MARKET_category_foods;", "Category_Localised":"Nahrung", "BuyPrice":0, "SellPrice":626, "MeanPrice":323, "StockBracket":0, "DemandBracket":2, "Stock":0, "Demand":145275, "Consumer":true, "Producer":false, "Rare":false }, 
{ "id":128049178, "Name":"$fruitandvegetables_name;", "Name_Localised":"Obst und Gemüse", "Category":"$MARKET_category_foods;", "Category_Localised":"Nahrung", "BuyPrice":0, "SellPrice":813, "MeanPrice":531, "StockBracket":0, "DemandBracket":3, "Stock":0, "Demand":12854, "Consumer":true, "Producer":false, "Rare":false }, 
{ "id":128049180, "Name":"$grain_name;", "Name_Localised":"Getreide", "Category":"$MARKET_category_foods;", "Category_Localised":"Nahrung", "BuyPrice":0, "SellPrice":692, "MeanPrice":437, "StockBracket":0, "DemandBracket":3, "Stock":0, "Demand":73528, "Consumer":true, "Producer":false, "Rare":false }, 
{ "id":128049182, "Name":"$animalmeat_name;", "Name_Localised":"Tierfleisch", "Category":"$MARKET_category_foods;", "Category_Localised":"Nahrung", "BuyPrice":0, "SellPrice":1896, "MeanPrice":1527, "StockBracket":0, "DemandBracket":2, "Stock":0, "Demand":11110, "Consumer":true, "Producer":false, "Rare":false }, 
{ "id":128049183, "Name":"$fish_name;", "Name_Localised":"Fisch", "Category":"$MARKET_category_foods;", "Category_Localised":"Nahrung", "BuyPrice":0, "SellPrice":913, "MeanPrice":644, "StockBracket":0, "DemandBracket":2, "Stock":0, "Demand":32692, "Consumer":true, "Producer":false, "Rare":false }, 
{ "id":128049184, "Name":"$foodcartridges_name;", "Name_Localised":"Nahrungskartuschen", "Category":"$MARKET_category_foods;", "Category_Localised":"Nahrung", "BuyPrice":54, "SellPrice":35, "MeanPrice":225, "StockBracket":3, "DemandBracket":0, "Stock":390464, "Demand":1, "Consumer":false, "Producer":true, "Rare":false }, 
{ "id":128049185, "Name":"$syntheticmeat_name;", "Name_Localised":"Künstliches Fleisch", "Category":"$MARKET_category_foods;", "Category_Localised":"Nahrung", "BuyPrice":0, "SellPrice":742, "MeanPrice":490, "StockBracket":0, "DemandBracket":3, "Stock":0, "Demand":8452, "Consumer":true, "Producer":false, "Rare":false }, 
{ "id":128049188, "Name":"$tea_name;", "Name_Localised":"Tee", "Category":"$MARKET_category_foods;", "Category_Localised":"Nahrung", "BuyPrice":0, "SellPrice":2084, "MeanPrice":1696, "StockBracket":0, "DemandBracket":3, "Stock":0, "Demand":10281, "Consumer":true, "Producer":false, "Rare":false }, 
{ "id":128049189, "Name":"$coffee_name;", "Name_Localised":"Kaffee", "Category":"$MARKET_category_foods;", "Category_Localised":"Nahrung", "BuyPrice":0, "SellPrice":1895, "MeanPrice":1507, "StockBracket":0, "DemandBracket":2, "Stock":0, "Demand":3601, "Consumer":true, "Producer":false, "Rare":false }, 
{ "id":128049190, "Name":"$leather_name;", "Name_Localised":"Leder", "Category":"$MARKET_category_textiles;", "Category_Localised":"Textilien", "BuyPrice":0, "SellPrice":660, "MeanPrice":426, "StockBracket":0, "DemandBracket":2, "Stock":0, "Demand":385073, "Consumer":true, "Producer":false, "Rare":false }, 
{ "id":128049191, "Name":"$naturalfabrics_name;", "Name_Localised":"Naturfasern", "Category":"$MARKET_category_textiles;", "Category_Localised":"Textilien", "BuyPrice":0, "SellPrice":913, "MeanPrice":679, "StockBracket":0, "DemandBracket":3, "Stock":0, "Demand":1385124, "Consumer":true, "Producer":false, "Rare":false }, 
{ "id":128049193, "Name":"$syntheticfabrics_name;", "Name_Localised":"Chemiefasern", "Category":"$MARKET_category_textiles;", "Category_Localised":"Textilien", "BuyPrice":0, "SellPrice":662, "MeanPrice":359, "StockBracket":0, "DemandBracket":2, "Stock":0, "Demand":679504, "Consumer":true, "Producer":false, "Rare":false }, 
{ "id":128049197, "Name":"$polymers_name;", "Name_Localised":"Polymere", "Category":"$MARKET_category_industrial_materials;", "Category_Localised":"Industriematerial", "BuyPrice":0, "SellPrice":626, "MeanPrice":308, "StockBracket":0, "DemandBracket":2, "Stock":0, "Demand":719919, "Consumer":true, "Producer":false, "Rare":false }, 
{ "id":128049199, "Name":"$semiconductors_name;", "Name_Localised":"Halbleiter", "Category":"$MARKET_category_industrial_materials;", "Category_Localised":"Industriematerial", "BuyPrice":0, "SellPrice":1455, "MeanPrice":1093, "StockBracket":0, "DemandBracket":2, "Stock":0, "Demand":676016, "Consumer":true, "Producer":false, "Rare":false }, 
{ "id":128049200, "Name":"$superconductors_name;", "Name_Localised":"Supraleiter", "Category":"$MARKET_category_industrial_materials;", "Category_Localised":"Industriematerial", "BuyPrice":0, "SellPrice":7442, "MeanPrice":6473, "StockBracket":0, "DemandBracket":2, "Stock":0, "Demand":65234, "Consumer":true, "Producer":false, "Rare":false }, 
{ "id":128049202, "Name":"$hydrogenfuel_name;", "Name_Localised":"Wasserstoff-Treibstoff", "Category":"$MARKET_category_chemicals;", "Category_Localised":"Chemikalien", "BuyPrice":84, "SellPrice":80, "MeanPrice":107, "StockBracket":3, "DemandBracket":0, "Stock":186773, "Demand":1, "Consumer":false, "Producer":true, "Rare":false }, 
{ "id":128049209, "Name":"$performanceenhancers_name;", "Name_Localised":"Leistungssteigerer", "Category":"$MARKET_category_medicines;", "Category_Localised":"Medikamente", "BuyPrice":0, "SellPrice":7495, "MeanPrice":6839, "StockBracket":0, "DemandBracket":3, "Stock":0, "Demand":2316, "Consumer":true, "Producer":false, "Rare":false }, 
{ "id":128049210, "Name":"$basicmedicines_name;", "Name_Localised":"Allgemeine Medikamente", "Category":"$MARKET_category_medicines;", "Category_Localised":"Medikamente", "BuyPrice":226, "SellPrice":204, "MeanPrice":436, "StockBracket":3, "DemandBracket":0, "Stock":32313, "Demand":1, "Consumer":false, "Producer":true, "Rare":false }, 
{ "id":128049212, "Name":"$basicnarcotics_name;", "Name_Localised":"Drogen", "Category":"$MARKET_category_drugs;", "Category_Localised":"Legale Drogen", "BuyPrice":0, "SellPrice":9969, "MeanPrice":10192, "StockBracket":0, "DemandBracket":2, "Stock":0, "Demand":146, "Consumer":true, "Producer":false, "Rare":false }, 
{ "id":128049213, "Name":"$tobacco_name;", "Name_Localised":"Tabak", "Category":"$MARKET_category_drugs;", "Category_Localised":"Legale Drogen", "BuyPrice":0, "SellPrice":5559, "MeanPrice":5360, "StockBracket":0, "DemandBracket":2, "Stock":0, "Demand":5609, "Consumer":true, "Producer":false, "Rare":false }, 
{ "id":128049214, "Name":"$beer_name;", "Name_Localised":"Bier", "Category":"$MARKET_category_drugs;", "Category_Localised":"Legale Drogen", "BuyPrice":0, "SellPrice":660, "MeanPrice":406, "StockBracket":0, "DemandBracket":3, "Stock":0, "Demand":69671, "Consumer":true, "Producer":false, "Rare":false }, 
{ "id":128049215, "Name":"$wine_name;", "Name_Localised":"Wein", "Category":"$MARKET_category_drugs;", "Category_Localised":"Legale Drogen", "BuyPrice":0, "SellPrice":742, "MeanPrice":486, "StockBracket":0, "DemandBracket":3, "Stock":0, "Demand":40606, "Consumer":true, "Producer":false, "Rare":false }, 
{ "id":128049216, "Name":"$liquor_name;", "Name_Localised":"Spirituosen", "Category":"$MARKET_category_drugs;", "Category_Localised":"Legale Drogen", "BuyPrice":482, "SellPrice":459, "MeanPrice":794, "StockBracket":3, "DemandBracket":0, "Stock":995, "Demand":1, "Consumer":false, "Producer":true, "Rare":false }, 
{ "id":128049217, "Name":"$powergenerators_name;", "Name_Localised":"Stromerzeuger", "Category":"$MARKET_category_machinery;", "Category_Localised":"Maschinen", "BuyPrice":403, "SellPrice":377, "MeanPrice":628, "StockBracket":3, "DemandBracket":0, "Stock":323865, "Demand":1, "Consumer":false, "Producer":true, "Rare":false }, 
{ "id":128049218, "Name":"$waterpurifiers_name;", "Name_Localised":"Wasserreiniger", "Category":"$MARKET_category_machinery;", "Category_Localised":"Maschinen", "BuyPrice":213, "SellPrice":193, "MeanPrice":411, "StockBracket":3, "DemandBracket":0, "Stock":17477, "Demand":1, "Consumer":false, "Producer":true, "Rare":false }, 
{ "id":128049221, "Name":"$mineralextractors_name;", "Name_Localised":"Mineralextraktoren", "Category":"$MARKET_category_machinery;", "Category_Localised":"Maschinen", "BuyPrice":655, "SellPrice":624, "MeanPrice":729, "StockBracket":3, "DemandBracket":0, "Stock":90684, "Demand":1, "Consumer":false, "Producer":true, "Rare":false }, 
{ "id":128049222, "Name":"$cropharvesters_name;", "Name_Localised":"Erntemaschinen", "Category":"$MARKET_category_machinery;", "Category_Localised":"Maschinen", "BuyPrice":1994, "SellPrice":1941, "MeanPrice":2101, "StockBracket":3, "DemandBracket":0, "Stock":41670, "Demand":1, "Consumer":false, "Producer":true, "Rare":false }, 
{ "id":128049223, "Name":"$marinesupplies_name;", "Name_Localised":"Maritimausstattung", "Category":"$MARKET_category_machinery;", "Category_Localised":"Maschinen", "BuyPrice":3591, "SellPrice":3500, "MeanPrice":3976, "StockBracket":3, "DemandBracket":0, "Stock":25579, "Demand":1, "Consumer":false, "Producer":true, "Rare":false }, 
{ "id":128049225, "Name":"$computercomponents_name;", "Name_Localised":"Computerteile", "Category":"$MARKET_category_technology;", "Category_Localised":"Technologie", "BuyPrice":403, "SellPrice":377, "MeanPrice":694, "StockBracket":3, "DemandBracket":0, "Stock":3365, "Demand":1, "Consumer":false, "Producer":true, "Rare":false }, 
{ "id":128049226, "Name":"$hazardousenvironmentsuits_name;", "Name_Localised":"Schutzanzüge", "Category":"$MARKET_category_technology;", "Category_Localised":"Technologie", "BuyPrice":0, "SellPrice":768, "MeanPrice":575, "StockBracket":0, "DemandBracket":3, "Stock":0, "Demand":209947, "Consumer":true, "Producer":false, "Rare":false }, 
{ "id":128049227, "Name":"$robotics_name;", "Name_Localised":"Roboter", "Category":"$MARKET_category_technology;", "Category_Localised":"Technologie", "BuyPrice":0, "SellPrice":2740, "MeanPrice":2039, "StockBracket":0, "DemandBracket":3, "Stock":0, "Demand":70890, "Consumer":true, "Producer":false, "Rare":false }, 
{ "id":128049228, "Name":"$autofabricators_name;", "Name_Localised":"Fabrikatoren", "Category":"$MARKET_category_technology;", "Category_Localised":"Technologie", "BuyPrice":0, "SellPrice":4682, "MeanPrice":3865, "StockBracket":0, "DemandBracket":3, "Stock":0, "Demand":29560, "Consumer":true, "Producer":false, "Rare":false }, 
{ "id":128049233, "Name":"$personalweapons_name;", "Name_Localised":"Persönliche Waffen", "Category":"$MARKET_category_weapons;", "Category_Localised":"Waffen", "BuyPrice":3778, "SellPrice":3683, "MeanPrice":4800, "StockBracket":3, "DemandBracket":0, "Stock":332, "Demand":1, "Consumer":false, "Producer":true, "Rare":false }, 
{ "id":128049234, "Name":"$battleweapons_name;", "Name_Localised":"Kriegswaffen", "Category":"$MARKET_category_weapons;", "Category_Localised":"Waffen", "BuyPrice":5788, "SellPrice":5713, "MeanPrice":7386, "StockBracket":3, "DemandBracket":0, "Stock":485, "Demand":1, "Consumer":false, "Producer":true, "Rare":false }, 
{ "id":128049235, "Name":"$reactivearmour_name;", "Name_Localised":"Reaktivrüstung", "Category":"$MARKET_category_weapons;", "Category_Localised":"Waffen", "BuyPrice":0, "SellPrice":2639, "MeanPrice":2220, "StockBracket":0, "DemandBracket":2, "Stock":0, "Demand":2852, "Consumer":true, "Producer":false, "Rare":false }, 
{ "id":128049236, "Name":"$nonlethalweapons_name;", "Name_Localised":"Nichttödliche Waffen", "Category":"$MARKET_category_weapons;", "Category_Localised":"Waffen", "BuyPrice":0, "SellPrice":1826, "MeanPrice":1927, "StockBracket":0, "DemandBracket":1, "Stock":0, "Demand":691, "Consumer":true, "Producer":false, "Rare":false }, 
{ "id":128049238, "Name":"$domesticappliances_name;", "Name_Localised":"Haushaltsgeräte", "Category":"$MARKET_category_consumer_items;", "Category_Localised":"Konsumgüter", "BuyPrice":403, "SellPrice":377, "MeanPrice":659, "StockBracket":3, "DemandBracket":0, "Stock":3375, "Demand":1, "Consumer":false, "Producer":true, "Rare":false }, 
{ "id":128049240, "Name":"$consumertechnology_name;", "Name_Localised":"Unterhaltungselektronik", "Category":"$MARKET_category_consumer_items;", "Category_Localised":"Konsumgüter", "BuyPrice":0, "SellPrice":7509, "MeanPrice":6810, "StockBracket":0, "DemandBracket":2, "Stock":0, "Demand":6016, "Consumer":true, "Producer":false, "Rare":false }, 
{ "id":128049241, "Name":"$clothing_name;", "Name_Localised":"Kleidung", "Category":"$MARKET_category_consumer_items;", "Category_Localised":"Konsumgüter", "BuyPrice":226, "SellPrice":204, "MeanPrice":460, "StockBracket":3, "DemandBracket":0, "Stock":5601, "Demand":1, "Consumer":false, "Producer":true, "Rare":false }, 
{ "id":128049243, "Name":"$slaves_name;", "Name_Localised":"Sklaven", "Category":"$MARKET_category_slaves;", "Category_Localised":"Sklaverei", "BuyPrice":0, "SellPrice":13803, "MeanPrice":13169, "StockBracket":0, "DemandBracket":1, "Stock":0, "Demand":2740, "Consumer":true, "Producer":false, "Rare":false }, 
{ "id":128049244, "Name":"$biowaste_name;", "Name_Localised":"Biomüll", "Category":"$MARKET_category_waste;", "Category_Localised":"Abfall", "BuyPrice":45, "SellPrice":27, "MeanPrice":342, "StockBracket":3, "DemandBracket":0, "Stock":10394, "Demand":1, "Consumer":false, "Producer":true, "Rare":false }, 
{ "id":128049248, "Name":"$scrap_name;", "Name_Localised":"Schrott", "Category":"$MARKET_category_waste;", "Category_Localised":"Abfall", "BuyPrice":96, "SellPrice":80, "MeanPrice":253, "StockBracket":3, "DemandBracket":0, "Stock":110676, "Demand":1, "Consumer":false, "Producer":true, "Rare":false }, 
{ "id":128049669, "Name":"$progenitorcells_name;", "Name_Localised":"Vorläuferzellen", "Category":"$MARKET_category_medicines;", "Category_Localised":"Medikamente", "BuyPrice":0, "SellPrice":7444, "MeanPrice":6804, "StockBracket":0, "DemandBracket":2, "Stock":0, "Demand":2835, "Consumer":true, "Producer":false, "Rare":false }, 
{ "id":128049670, "Name":"$combatstabilisers_name;", "Name_Localised":"Kampfstabilisatoren", "Category":"$MARKET_category_medicines;", "Category_Localised":"Medikamente", "BuyPrice":0, "SellPrice":3508, "MeanPrice":3719, "StockBracket":0, "DemandBracket":2, "Stock":0, "Demand":425, "Consumer":true, "Producer":false, "Rare":false }, 
{ "id":128064028, "Name":"$atmosphericextractors_name;", "Name_Localised":"Atmosphärenprozessoren", "Category":"$MARKET_category_machinery;", "Category_Localised":"Maschinen", "BuyPrice":301, "SellPrice":280, "MeanPrice":471, "StockBracket":3, "DemandBracket":0, "Stock":55589, "Demand":1, "Consumer":false, "Producer":true, "Rare":false }, 
{ "id":128666757, "Name":"$usscargorareartwork_name;", "Name_Localised":"Seltene Kunstgegenstände", "Category":"$MARKET_category_salvage;", "Category_Localised":"Bergungsgut", "BuyPrice":0, "SellPrice":15969, "MeanPrice":5217, "StockBracket":0, "DemandBracket":3, "Stock":0, "Demand":537, "Consumer":true, "Producer":false, "Rare":false }, 
{ "id":128667728, "Name":"$imperialslaves_name;", "Name_Localised":"Imperiale Sklaven", "Category":"$MARKET_category_slaves;", "Category_Localised":"Sklaverei", "BuyPrice":16373, "SellPrice":16179, "MeanPrice":17515, "StockBracket":2, "DemandBracket":0, "Stock":19645, "Demand":1, "Consumer":false, "Producer":true, "Rare":false }, 
{ "id":128668547, "Name":"$unknownartifact_name;", "Name_Localised":"Thargoidensensor", "Category":"$MARKET_category_salvage;", "Category_Localised":"Bergungsgut", "BuyPrice":0, "SellPrice":302204, "MeanPrice":280996, "StockBracket":0, "DemandBracket":3, "Stock":0, "Demand":108, "Consumer":true, "Producer":false, "Rare":false }, 
{ "id":128668550, "Name":"$painite_name;", "Name_Localised":"Painit", "Category":"$MARKET_category_minerals;", "Category_Localised":"Mineralien", "BuyPrice":0, "SellPrice":158259, "MeanPrice":67167, "StockBracket":0, "DemandBracket":3, "Stock":0, "Demand":636, "Consumer":true, "Producer":false, "Rare":false }, 
{ "id":128671118, "Name":"$osmium_name;", "Name_Localised":"Osmium", "Category":"$MARKET_category_metals;", "Category_Localised":"Metalle", "BuyPrice":0, "SellPrice":22118, "MeanPrice":10349, "StockBracket":0, "DemandBracket":3, "Stock":0, "Demand":71148, "Consumer":true, "Producer":false, "Rare":false }, 
{ "id":128672124, "Name":"$encripteddatastorage_name;", "Name_Localised":"Verschlüsselter Datenträger", "Category":"$MARKET_category_salvage;", "Category_Localised":"Bergungsgut", "BuyPrice":0, "SellPrice":1303, "MeanPrice":1229, "StockBracket":0, "DemandBracket":3, "Stock":0, "Demand":537, "Consumer":true, "Producer":false, "Rare":false }, 
{ "id":128672127, "Name":"$comercialsamples_name;", "Name_Localised":"Werbeproben", "Category":"$MARKET_category_salvage;", "Category_Localised":"Bergungsgut", "BuyPrice":0, "SellPrice":769, "MeanPrice":701, "StockBracket":0, "DemandBracket":3, "Stock":0, "Demand":537, "Consumer":true, "Producer":false, "Rare":false }, 
{ "id":128672128, "Name":"$tacticaldata_name;", "Name_Localised":"Aufklärungsdaten", "Category":"$MARKET_category_salvage;", "Category_Localised":"Bergungsgut", "BuyPrice":0, "SellPrice":431, "MeanPrice":794, "StockBracket":0, "DemandBracket":3, "Stock":0, "Demand":537, "Consumer":true, "Producer":false, "Rare":false }, 
{ "id":128672129, "Name":"$assaultplans_name;", "Name_Localised":"Angriffspläne", "Category":"$MARKET_category_salvage;", "Category_Localised":"Bergungsgut", "BuyPrice":0, "SellPrice":423, "MeanPrice":777, "StockBracket":0, "DemandBracket":3, "Stock":0, "Demand":537, "Consumer":true, "Producer":false, "Rare":false }, 
{ "id":128672130, "Name":"$encryptedcorrespondence_name;", "Name_Localised":"Verschlüsselte Korrespondenz", "Category":"$MARKET_category_salvage;", "Category_Localised":"Bergungsgut", "BuyPrice":0, "SellPrice":781, "MeanPrice":712, "StockBracket":0, "DemandBracket":3, "Stock":0, "Demand":537, "Consumer":true, "Producer":false, "Rare":false }, 
{ "id":128672131, "Name":"$diplomaticbag_name;", "Name_Localised":"Diplomatentasche", "Category":"$MARKET_category_salvage;", "Category_Localised":"Bergungsgut", "BuyPrice":0, "SellPrice":508, "MeanPrice":945, "StockBracket":0, "DemandBracket":3, "Stock":0, "Demand":537, "Consumer":true, "Producer":false, "Rare":false }, 
{ "id":128672132, "Name":"$scientificresearch_name;", "Name_Localised":"Wissenschaftliche Forschung", "Category":"$MARKET_category_salvage;", "Category_Localised":"Bergungsgut", "BuyPrice":0, "SellPrice":5523, "MeanPrice":1034, "StockBracket":0, "DemandBracket":3, "Stock":0, "Demand":537, "Consumer":true, "Producer":false, "Rare":false }, 
{ "id":128672133, "Name":"$scientificsamples_name;", "Name_Localised":"Wissenschaftliche Proben", "Category":"$MARKET_category_salvage;", "Category_Localised":"Bergungsgut", "BuyPrice":0, "SellPrice":1257, "MeanPrice":1184, "StockBracket":0, "DemandBracket":3, "Stock":0, "Demand":537, "Consumer":true, "Producer":false, "Rare":false }, 
{ "id":128672136, "Name":"$largeexplorationdatacash_name;", "Name_Localised":"Großer Erkundungsdatenspeicher", "Category":"$MARKET_category_salvage;", "Category_Localised":"Bergungsgut", "BuyPrice":0, "SellPrice":223532, "MeanPrice":222973, "StockBracket":0, "DemandBracket":3, "Stock":0, "Demand":537, "Consumer":true, "Producer":false, "Rare":false }, 
{ "id":128672137, "Name":"$smallexplorationdatacash_name;", "Name_Localised":"Kleiner Erkundungsdatenspeicher", "Category":"$MARKET_category_salvage;", "Category_Localised":"Bergungsgut", "BuyPrice":0, "SellPrice":11017, "MeanPrice":10878, "StockBracket":0, "DemandBracket":3, "Stock":0, "Demand":537, "Consumer":true, "Producer":false, "Rare":false }, 
{ "id":128672159, "Name":"$antiquejewellery_name;", "Name_Localised":"Antiker Schmuck ", "Category":"$MARKET_category_salvage;", "Category_Localised":"Bergungsgut", "BuyPrice":0, "SellPrice":184057, "MeanPrice":159579, "StockBracket":0, "DemandBracket":3, "Stock":0, "Demand":537, "Consumer":true, "Producer":false, "Rare":false }, 
{ "id":128672160, "Name":"$preciousgems_name;", "Name_Localised":"Edelsteine", "Category":"$MARKET_category_salvage;", "Category_Localised":"Bergungsgut", "BuyPrice":0, "SellPrice":161065, "MeanPrice":139619, "StockBracket":0, "DemandBracket":3, "Stock":0, "Demand":537, "Consumer":true, "Producer":false, "Rare":false }, 
{ "id":128672161, "Name":"$earthrelics_name;", "Name_Localised":"Erdrelikte ", "Category":"$MARKET_category_salvage;", "Category_Localised":"Bergungsgut", "BuyPrice":0, "SellPrice":17594, "MeanPrice":11587, "StockBracket":0, "DemandBracket":3, "Stock":0, "Demand":537, "Consumer":true, "Producer":false, "Rare":false }, 
{ "id":128672162, "Name":"$genebank_name;", "Name_Localised":"Gen-Datenbank", "Category":"$MARKET_category_salvage;", "Category_Localised":"Bergungsgut", "BuyPrice":0, "SellPrice":13300, "MeanPrice":13151, "StockBracket":0, "DemandBracket":3, "Stock":0, "Demand":537, "Consumer":true, "Producer":false, "Rare":false }, 
{ "id":128672163, "Name":"$timecapsule_name;", "Name_Localised":"Zeitkapsel", "Category":"$MARKET_category_salvage;", "Category_Localised":"Bergungsgut", "BuyPrice":0, "SellPrice":5025, "MeanPrice":4919, "StockBracket":0, "DemandBracket":3, "Stock":0, "Demand":537, "Consumer":true, "Producer":false, "Rare":false }, 
{ "id":128672302, "Name":"$ceramiccomposites_name;", "Name_Localised":"Keramik-Verbundwerkstoffe", "Category":"$MARKET_category_industrial_materials;", "Category_Localised":"Industriematerial", "BuyPrice":0, "SellPrice":668, "MeanPrice":392, "StockBracket":0, "DemandBracket":2, "Stock":0, "Demand":479917, "Consumer":true, "Producer":false, "Rare":false }, 
{ "id":128672306, "Name":"$bootlegliquor_name;", "Name_Localised":"Schmuggelschnaps", "Category":"$MARKET_category_drugs;", "Category_Localised":"Legale Drogen", "BuyPrice":0, "SellPrice":638, "MeanPrice":809, "StockBracket":0, "DemandBracket":2, "Stock":0, "Demand":961, "Consumer":true, "Producer":false, "Rare":false }, 
{ "id":128672307, "Name":"$geologicalequipment_name;", "Name_Localised":"Geologie-Ausrüstung", "Category":"$MARKET_category_machinery;", "Category_Localised":"Maschinen", "BuyPrice":1458, "SellPrice":1418, "MeanPrice":1859, "StockBracket":3, "DemandBracket":0, "Stock":244117, "Demand":1, "Consumer":false, "Producer":true, "Rare":false }, 
{ "id":128672308, "Name":"$thermalcoolingunits_name;", "Name_Localised":"Thermal-Kühleinheiten", "Category":"$MARKET_category_machinery;", "Category_Localised":"Maschinen", "BuyPrice":213, "SellPrice":193, "MeanPrice":454, "StockBracket":3, "DemandBracket":0, "Stock":17479, "Demand":1, "Consumer":false, "Producer":true, "Rare":false }, 
{ "id":128672309, "Name":"$buildingfabricators_name;", "Name_Localised":"Baufabrikatoren", "Category":"$MARKET_category_machinery;", "Category_Localised":"Maschinen", "BuyPrice":865, "SellPrice":828, "MeanPrice":1205, "StockBracket":3, "DemandBracket":0, "Stock":5246, "Demand":1, "Consumer":false, "Producer":true, "Rare":false }, 
{ "id":128672313, "Name":"$skimercomponents_name;", "Name_Localised":"OF-Drohnen-Komponenten", "Category":"$MARKET_category_machinery;", "Category_Localised":"Maschinen", "BuyPrice":751, "SellPrice":718, "MeanPrice":1082, "StockBracket":3, "DemandBracket":0, "Stock":2092, "Demand":1, "Consumer":false, "Producer":true, "Rare":false }, 
{ "id":128672315, "Name":"$geologicalsamples_name;", "Name_Localised":"Geologische Proben", "Category":"$MARKET_category_salvage;", "Category_Localised":"Bergungsgut", "BuyPrice":0, "SellPrice":845, "MeanPrice":777, "StockBracket":0, "DemandBracket":3, "Stock":0, "Demand":537, "Consumer":true, "Producer":false, "Rare":false }, 
{ "id":128672810, "Name":"$unstabledatacore_name;", "Name_Localised":"Instabiler Datenkern", "Category":"$MARKET_category_salvage;", "Category_Localised":"Bergungsgut", "BuyPrice":0, "SellPrice":3214, "MeanPrice":3123, "StockBracket":0, "DemandBracket":3, "Stock":0, "Demand":537, "Consumer":true, "Producer":false, "Rare":false }, 
{ "id":128673845, "Name":"$praseodymium_name;", "Name_Localised":"Praseodym", "Category":"$MARKET_category_metals;", "Category_Localised":"Metalle", "BuyPrice":0, "SellPrice":8501, "MeanPrice":8622, "StockBracket":0, "DemandBracket":2, "Stock":0, "Demand":62382, "Consumer":true, "Producer":false, "Rare":false }, 
{ "id":128673847, "Name":"$samarium_name;", "Name_Localised":"Samarium", "Category":"$MARKET_category_metals;", "Category_Localised":"Metalle", "BuyPrice":0, "SellPrice":14972, "MeanPrice":8110, "StockBracket":0, "DemandBracket":2, "Stock":0, "Demand":39698, "Consumer":true, "Producer":false, "Rare":false }, 
{ "id":128673848, "Name":"$lowtemperaturediamond_name;", "Name_Localised":"Niedertemperaturdiamanten", "Category":"$MARKET_category_minerals;", "Category_Localised":"Mineralien", "BuyPrice":0, "SellPrice":524791, "MeanPrice":93678, "StockBracket":0, "DemandBracket":2, "Stock":0, "Demand":3078, "Consumer":true, "Producer":false, "Rare":false }, 
{ "id":128673850, "Name":"$hydrogenperoxide_name;", "Name_Localised":"Wasserstoffperoxid", "Category":"$MARKET_category_chemicals;", "Category_Localised":"Chemikalien", "BuyPrice":0, "SellPrice":1124, "MeanPrice":1210, "StockBracket":0, "DemandBracket":2, "Stock":0, "Demand":97440, "Consumer":true, "Producer":false, "Rare":false }, 
{ "id":128673851, "Name":"$liquidoxygen_name;", "Name_Localised":"Flüssiger Sauerstoff", "Category":"$MARKET_category_chemicals;", "Category_Localised":"Chemikalien", "BuyPrice":0, "SellPrice":706, "MeanPrice":432, "StockBracket":0, "DemandBracket":2, "Stock":0, "Demand":268090, "Consumer":true, "Producer":false, "Rare":false }, 
{ "id":128673855, "Name":"$insulatingmembrane_name;", "Name_Localised":"Isoliermembran", "Category":"$MARKET_category_industrial_materials;", "Category_Localised":"Industriematerial", "BuyPrice":0, "SellPrice":11616, "MeanPrice":10695, "StockBracket":0, "DemandBracket":3, "Stock":0, "Demand":14437, "Consumer":true, "Producer":false, "Rare":false }, 
{ "id":128673856, "Name":"$cmmcomposite_name;", "Name_Localised":"CMM-Komposit", "Category":"$MARKET_category_industrial_materials;", "Category_Localised":"Industriematerial", "BuyPrice":0, "SellPrice":6654, "MeanPrice":5988, "StockBracket":0, "DemandBracket":2, "Stock":0, "Demand":23157, "Consumer":true, "Producer":false, "Rare":false }, 
{ "id":128673857, "Name":"$coolinghoses_name;", "Name_Localised":"Mikroflecht-Kühlschläuche", "Category":"$MARKET_category_industrial_materials;", "Category_Localised":"Industriematerial", "BuyPrice":0, "SellPrice":1810, "MeanPrice":1887, "StockBracket":0, "DemandBracket":2, "Stock":0, "Demand":78880, "Consumer":true, "Producer":false, "Rare":false }, 
{ "id":128673860, "Name":"$hnshockmount_name;", "Name_Localised":"HN-Dämpferaufhängung", "Category":"$MARKET_category_machinery;", "Category_Localised":"Maschinen", "BuyPrice":1458, "SellPrice":1418, "MeanPrice":1724, "StockBracket":3, "DemandBracket":0, "Stock":46596, "Demand":1, "Consumer":false, "Producer":true, "Rare":false }, 
{ "id":128673861, "Name":"$emergencypowercells_name;", "Name_Localised":"Notfall-Energiezellen", "Category":"$MARKET_category_machinery;", "Category_Localised":"Maschinen", "BuyPrice":0, "SellPrice":2825, "MeanPrice":2439, "StockBracket":0, "DemandBracket":2, "Stock":0, "Demand":12349, "Consumer":true, "Producer":false, "Rare":false }, 
{ "id":128673866, "Name":"$exhaustmanifold_name;", "Name_Localised":"Krümmer", "Category":"$MARKET_category_machinery;", "Category_Localised":"Maschinen", "BuyPrice":0, "SellPrice":2300, "MeanPrice":1992, "StockBracket":0, "DemandBracket":3, "Stock":0, "Demand":15052, "Consumer":true, "Producer":false, "Rare":false }, 
{ "id":128673873, "Name":"$microcontrollers_name;", "Name_Localised":"Mikrocontroller", "Category":"$MARKET_category_technology;", "Category_Localised":"Technologie", "BuyPrice":0, "SellPrice":6267, "MeanPrice":5626, "StockBracket":0, "DemandBracket":2, "Stock":0, "Demand":8244, "Consumer":true, "Producer":false, "Rare":false }, 
{ "id":128673876, "Name":"$unknownartifact2_name;", "Name_Localised":"Thargoidensonde", "Category":"$MARKET_category_salvage;", "Category_Localised":"Bergungsgut", "BuyPrice":0, "SellPrice":437030, "MeanPrice":418919, "StockBracket":0, "DemandBracket":3, "Stock":0, "Demand":108, "Consumer":true, "Producer":false, "Rare":false }, 
{ "id":128682044, "Name":"$conductivefabrics_name;", "Name_Localised":"Leitfähige Stoffe", "Category":"$MARKET_category_textiles;", "Category_Localised":"Textilien", "BuyPrice":0, "SellPrice":1961, "MeanPrice":657, "StockBracket":0, "DemandBracket":2, "Stock":0, "Demand":234299, "Consumer":true, "Producer":false, "Rare":false }, 
{ "id":128682046, "Name":"$advancedmedicines_name;", "Name_Localised":"Fortschrittliche Medikamente", "Category":"$MARKET_category_medicines;", "Category_Localised":"Medikamente", "BuyPrice":0, "SellPrice":1730, "MeanPrice":1479, "StockBracket":0, "DemandBracket":3, "Stock":0, "Demand":13765, "Consumer":true, "Producer":false, "Rare":false }, 
{ "id":128682048, "Name":"$survivalequipment_name;", "Name_Localised":"Überlebensausrüstung", "Category":"$MARKET_category_consumer_items;", "Category_Localised":"Konsumgüter", "BuyPrice":806, "SellPrice":754, "MeanPrice":647, "StockBracket":3, "DemandBracket":0, "Stock":2508, "Demand":1, "Consumer":false, "Producer":true, "Rare":false }, 
{ "id":128682049, "Name":"$datacore_name;", "Name_Localised":"Datenkern", "Category":"$MARKET_category_salvage;", "Category_Localised":"Bergungsgut", "BuyPrice":0, "SellPrice":3785, "MeanPrice":3689, "StockBracket":0, "DemandBracket":3, "Stock":0, "Demand":537, "Consumer":true, "Producer":false, "Rare":false }, 
{ "id":128682051, "Name":"$mysteriousidol_name;", "Name_Localised":"Mysteriöses Idol", "Category":"$MARKET_category_salvage;", "Category_Localised":"Bergungsgut", "BuyPrice":0, "SellPrice":17147, "MeanPrice":16982, "StockBracket":0, "DemandBracket":3, "Stock":0, "Demand":537, "Consumer":true, "Producer":false, "Rare":false }, 
{ "id":128682054, "Name":"$spacepioneerrelics_name;", "Name_Localised":"Weltraumpionier-Relikte", "Category":"$MARKET_category_salvage;", "Category_Localised":"Bergungsgut", "BuyPrice":0, "SellPrice":8601, "MeanPrice":8474, "StockBracket":0, "DemandBracket":3, "Stock":0, "Demand":537, "Consumer":true, "Producer":false, "Rare":false }, 
{ "id":128682055, "Name":"$fossilremnants_name;", "Name_Localised":"Fossile Überreste", "Category":"$MARKET_category_salvage;", "Category_Localised":"Bergungsgut", "BuyPrice":0, "SellPrice":11017, "MeanPrice":10878, "StockBracket":0, "DemandBracket":3, "Stock":0, "Demand":537, "Consumer":true, "Producer":false, "Rare":false }, 
{ "id":128732183, "Name":"$ancientrelic_name;", "Name_Localised":"Uraltes Relikt", "Category":"$MARKET_category_salvage;", "Category_Localised":"Bergungsgut", "BuyPrice":0, "SellPrice":13300, "MeanPrice":13161, "StockBracket":0, "DemandBracket":3, "Stock":0, "Demand":462, "Consumer":true, "Producer":false, "Rare":false }, 
{ "id":128732184, "Name":"$ancientorb_name;", "Name_Localised":"Uralte Kugel", "Category":"$MARKET_category_salvage;", "Category_Localised":"Bergungsgut", "BuyPrice":0, "SellPrice":9144, "MeanPrice":9024, "StockBracket":0, "DemandBracket":3, "Stock":0, "Demand":462, "Consumer":true, "Producer":false, "Rare":false }, 
{ "id":128732185, "Name":"$ancientcasket_name;", "Name_Localised":"Uralte Schatulle", "Category":"$MARKET_category_salvage;", "Category_Localised":"Bergungsgut", "BuyPrice":0, "SellPrice":8091, "MeanPrice":7975, "StockBracket":0, "DemandBracket":3, "Stock":0, "Demand":462, "Consumer":true, "Producer":false, "Rare":false }, 
{ "id":128732186, "Name":"$ancienttablet_name;", "Name_Localised":"Uralte Tablett", "Category":"$MARKET_category_salvage;", "Category_Localised":"Bergungsgut", "BuyPrice":0, "SellPrice":9144, "MeanPrice":9024, "StockBracket":0, "DemandBracket":3, "Stock":0, "Demand":462, "Consumer":true, "Producer":false, "Rare":false }, 
{ "id":128732187, "Name":"$ancienturn_name;", "Name_Localised":"Uralte Urne", "Category":"$MARKET_category_salvage;", "Category_Localised":"Bergungsgut", "BuyPrice":0, "SellPrice":6356, "MeanPrice":6250, "StockBracket":0, "DemandBracket":3, "Stock":0, "Demand":462, "Consumer":true, "Producer":false, "Rare":false }, 
{ "id":128732188, "Name":"$ancienttotem_name;", "Name_Localised":"Uraltes Totem", "Category":"$MARKET_category_salvage;", "Category_Localised":"Bergungsgut", "BuyPrice":0, "SellPrice":11017, "MeanPrice":10888, "StockBracket":0, "DemandBracket":3, "Stock":0, "Demand":462, "Consumer":true, "Producer":false, "Rare":false }, 
{ "id":128737287, "Name":"$unknownresin_name;", "Name_Localised":"Thargoidenharz", "Category":"$MARKET_category_salvage;", "Category_Localised":"Bergungsgut", "BuyPrice":0, "SellPrice":30183, "MeanPrice":23418, "StockBracket":0, "DemandBracket":3, "Stock":0, "Demand":93, "Consumer":true, "Producer":false, "Rare":false }, 
{ "id":128737288, "Name":"$unknownbiologicalmatter_name;", "Name_Localised":"Biologische Materie der Thargoiden", "Category":"$MARKET_category_salvage;", "Category_Localised":"Bergungsgut", "BuyPrice":0, "SellPrice":47900, "MeanPrice":44209, "StockBracket":0, "DemandBracket":3, "Stock":0, "Demand":93, "Consumer":true, "Producer":false, "Rare":false }, 
{ "id":128737289, "Name":"$unknowntechnologysamples_name;", "Name_Localised":"Technologieproben der Thargoiden", "Category":"$MARKET_category_salvage;", "Category_Localised":"Bergungsgut", "BuyPrice":0, "SellPrice":36775, "MeanPrice":32042, "StockBracket":0, "DemandBracket":3, "Stock":0, "Demand":93, "Consumer":true, "Producer":false, "Rare":false }, 
{ "id":128740752, "Name":"$unknownartifact3_name;", "Name_Localised":"Thargoidenlink", "Category":"$MARKET_category_salvage;", "Category_Localised":"Bergungsgut", "BuyPrice":0, "SellPrice":47900, "MeanPrice":37030, "StockBracket":0, "DemandBracket":3, "Stock":0, "Demand":93, "Consumer":true, "Producer":false, "Rare":false }, 
{ "id":128793127, "Name":"$thargoidheart_name;", "Name_Localised":"Thargoidenherz", "Category":"$MARKET_category_salvage;", "Category_Localised":"Bergungsgut", "BuyPrice":0, "SellPrice":99535, "MeanPrice":39283, "StockBracket":0, "DemandBracket":3, "Stock":0, "Demand":93, "Consumer":true, "Producer":false, "Rare":false }, 
{ "id":128793128, "Name":"$thargoidtissuesampletype1_name;", "Name_Localised":"Gewebeprobe von Thargoidenschiffstyp Cyclops ", "Category":"$MARKET_category_salvage;", "Category_Localised":"Bergungsgut", "BuyPrice":0, "SellPrice":54685, "MeanPrice":20571, "StockBracket":0, "DemandBracket":3, "Stock":0, "Demand":93, "Consumer":true, "Producer":false, "Rare":false }, 
{ "id":128793129, "Name":"$thargoidtissuesampletype2_name;", "Name_Localised":"Gewebeprobe von Thargoidenschiffstyp Basilisk", "Category":"$MARKET_category_salvage;", "Category_Localised":"Bergungsgut", "BuyPrice":0, "SellPrice":62452, "MeanPrice":23418, "StockBracket":0, "DemandBracket":3, "Stock":0, "Demand":93, "Consumer":true, "Producer":false, "Rare":false }, 
{ "id":128793130, "Name":"$thargoidtissuesampletype3_name;", "Name_Localised":"Gewebeprobe von Thargoidenschiffstyp Medusa", "Category":"$MARKET_category_salvage;", "Category_Localised":"Bergungsgut", "BuyPrice":0, "SellPrice":71330, "MeanPrice":26676, "StockBracket":0, "DemandBracket":3, "Stock":0, "Demand":93, "Consumer":true, "Producer":false, "Rare":false }, 
{ "id":128824468, "Name":"$thargoidscouttissuesample_name;", "Name_Localised":"Gewebeprobe von Thargoiden-Späher ", "Category":"$MARKET_category_salvage;", "Category_Localised":"Bergungsgut", "BuyPrice":0, "SellPrice":21758, "MeanPrice":20296, "StockBracket":0, "DemandBracket":3, "Stock":0, "Demand":93, "Consumer":true, "Producer":false, "Rare":false }, 
{ "id":128888499, "Name":"$ancientkey_name;", "Name_Localised":"Uralter Schlüssel", "Category":"$MARKET_category_salvage;", "Category_Localised":"Bergungsgut", "BuyPrice":0, "SellPrice":12971, "MeanPrice":13161, "StockBracket":0, "DemandBracket":3, "Stock":0, "Demand":93, "Consumer":true, "Producer":false, "Rare":false }, 
{ "id":128902652, "Name":"$thargoidtissuesampletype4_name;", "Name_Localised":"Thargoidenhydra-Gewebeprobe", "Category":"$MARKET_category_salvage;", "Category_Localised":"Bergungsgut", "BuyPrice":0, "SellPrice":76241, "MeanPrice":31934, "StockBracket":0, "DemandBracket":3, "Stock":0, "Demand":93, "Consumer":true, "Producer":false, "Rare":false }, 
{ "id":128924325, "Name":"$rhodplumsite_name;", "Name_Localised":"Rhodplumsit", "Category":"$MARKET_category_minerals;", "Category_Localised":"Mineralien", "BuyPrice":0, "SellPrice":310510, "MeanPrice":209344, "StockBracket":0, "DemandBracket":2, "Stock":0, "Demand":72, "Consumer":true, "Producer":false, "Rare":false }, 
{ "id":128924326, "Name":"$serendibite_name;", "Name_Localised":"Serendibit", "Category":"$MARKET_category_minerals;", "Category_Localised":"Mineralien", "BuyPrice":0, "SellPrice":321822, "MeanPrice":223817, "StockBracket":0, "DemandBracket":2, "Stock":0, "Demand":86, "Consumer":true, "Producer":false, "Rare":false }, 
{ "id":128924327, "Name":"$monazite_name;", "Name_Localised":"Monazit", "Category":"$MARKET_category_minerals;", "Category_Localised":"Mineralien", "BuyPrice":0, "SellPrice":331189, "MeanPrice":239282, "StockBracket":0, "DemandBracket":2, "Stock":0, "Demand":67, "Consumer":true, "Producer":false, "Rare":false }, 
{ "id":128924328, "Name":"$musgravite_name;", "Name_Localised":"Musgravit", "Category":"$MARKET_category_minerals;", "Category_Localised":"Mineralien", "BuyPrice":0, "SellPrice":343008, "MeanPrice":255839, "StockBracket":0, "DemandBracket":3, "Stock":0, "Demand":92, "Consumer":true, "Producer":false, "Rare":false }, 
{ "id":128924329, "Name":"$benitoite_name;", "Name_Localised":"Benitoit", "Category":"$MARKET_category_minerals;", "Category_Localised":"Mineralien", "BuyPrice":0, "SellPrice":310887, "MeanPrice":195812, "StockBracket":0, "DemandBracket":3, "Stock":0, "Demand":93, "Consumer":true, "Producer":false, "Rare":false }, 
{ "id":128924330, "Name":"$grandidierite_name;", "Name_Localised":"Grandidierit", "Category":"$MARKET_category_minerals;", "Category_Localised":"Mineralien", "BuyPrice":0, "SellPrice":348104, "MeanPrice":255839, "StockBracket":0, "DemandBracket":3, "Stock":0, "Demand":93, "Consumer":true, "Producer":false, "Rare":false }, 
{ "id":128924331, "Name":"$alexandrite_name;", "Name_Localised":"Alexandrit", "Category":"$MARKET_category_minerals;", "Category_Localised":"Mineralien", "BuyPrice":0, "SellPrice":339323, "MeanPrice":273549, "StockBracket":0, "DemandBracket":2, "Stock":0, "Demand":86, "Consumer":true, "Producer":false, "Rare":false }, 
{ "id":128924332, "Name":"$opal_name;", "Name_Localised":"Leerenopale", "Category":"$MARKET_category_minerals;", "Category_Localised":"Mineralien", "BuyPrice":0, "SellPrice":326420, "MeanPrice":183160, "StockBracket":0, "DemandBracket":2, "Stock":0, "Demand":82, "Consumer":true, "Producer":false, "Rare":false }
 ] }
