{ "timestamp":"2018-12-25T02:59:58Z", "event":"ModuleInfo", "Modules":[ 
{ "Slot":"MainEngines", "Item":"int_engine_size7_class2", "Power":6.840000, "Priority":0 }, 
{ "Slot":"Radar", "Item":"int_sensors_size4_class5", "Power":1.020000, "Priority":0 }, 
{ "Slot":"FrameShiftDrive", "Item":"int_hyperdrive_size6_class5", "Power":0.858375, "Priority":0 }, 
{ "Slot":"PowerDistributor", "Item":"int_powerdistributor_size6_class5", "Power":0.820000, "Priority":0 }, 
{ "Slot":"LifeSupport", "Item":"int_lifesupport_size5_class2", "Power":0.640000, "Priority":0 }, 
{ "Slot":"CargoHatch", "Item":"modularcargobaydoor", "Power":0.600000, "Priority":2 }, 
{ "Slot":"TinyHardpoint1", "Item":"hpt_heatsinklauncher_turret_tiny", "Power":0.200000, "Priority":0 }, 
{ "Slot":"TinyHardpoint2", "Item":"hpt_heatsinklauncher_turret_tiny", "Power":0.200000, "Priority":0 }, 
{ "Slot":"TinyHardpoint3", "Item":"hpt_heatsinklauncher_turret_tiny", "Power":0.200000, "Priority":0 }, 
{ "Slot":"ShipCockpit", "Item":"type9_cockpit", "Power":0.000000 }, 
{ "Slot":"PowerPlant", "Item":"int_powerplant_size3_class5", "Power":0.000000 }, 
{ "Slot":"Slot00_Size8", "Item":"int_cargorack_size8_class1", "Power":0.000000 }, 
{ "Slot":"Slot01_Size8", "Item":"int_cargorack_size8_class1", "Power":0.000000 }, 
{ "Slot":"Slot02_Size7", "Item":"int_cargorack_size7_class1", "Power":0.000000 }, 
{ "Slot":"Slot03_Size6", "Item":"int_cargorack_size6_class1", "Power":0.000000 }, 
{ "Slot":"Slot04_Size5", "Item":"int_cargorack_size5_class1", "Power":0.000000 }, 
{ "Slot":"Slot05_Size4", "Item":"int_cargorack_size4_class1", "Power":0.000000 }, 
{ "Slot":"Slot06_Size4", "Item":"int_cargorack_size4_class1", "Power":0.000000 }, 
{ "Slot":"Slot11_Size2", "Item":"int_detailedsurfacescanner_tiny", "Power":0.000000, "Priority":0 }, 
{ "Slot":"DataLinkScanner", "Item":"hpt_shipdatalinkscanner", "Power":0.000000, "Priority":0 }, 
{ "Slot":"CodexScanner", "Item":"int_codexscanner", "Power":0.000000 }, 
{ "Slot":"DiscoveryScanner", "Item":"int_stellarbodydiscoveryscanner_standard", "Power":0.000000 }
 ] }
