{ "timestamp":"2018-12-24T22:17:17Z", "event":"Outfitting", "MarketID":3225108480, "StationName":"de Kamp Dock", "StarSystem":"Selkadiae", "Horizons":true, "Items":[ 
{ "id":128049511, "Name":"hpt_advancedtorppylon_fixed_large", "BuyPrice":157960 }, 
{ "id":128049510, "Name":"hpt_advancedtorppylon_fixed_medium", "BuyPrice":44800 }, 
{ "id":128049509, "Name":"hpt_advancedtorppylon_fixed_small", "BuyPrice":11200 }, 
{ "id":128666725, "Name":"hpt_dumbfiremissilerack_fixed_medium", "BuyPrice":240400 }, 
{ "id":128666724, "Name":"hpt_dumbfiremissilerack_fixed_small", "BuyPrice":32175 }, 
{ "id":128671448, "Name":"hpt_minelauncher_fixed_small_impulse", "BuyPrice":36390 }, 
{ "id":128049500, "Name":"hpt_minelauncher_fixed_small", "BuyPrice":24260 }, 
{ "id":128671321, "Name":"hpt_slugshot_gimbal_large", "BuyPrice":1751040 }, 
{ "id":128049454, "Name":"hpt_slugshot_turret_medium", "BuyPrice":1459200 }, 
{ "id":128049450, "Name":"hpt_slugshot_fixed_large", "BuyPrice":1167360 }, 
{ "id":128049453, "Name":"hpt_slugshot_turret_small", "BuyPrice":182400 }, 
{ "id":128049451, "Name":"hpt_slugshot_gimbal_small", "BuyPrice":54720 }, 
{ "id":128049452, "Name":"hpt_slugshot_gimbal_medium", "BuyPrice":437760 }, 
{ "id":128049448, "Name":"hpt_slugshot_fixed_small", "BuyPrice":36000 }, 
{ "id":128681996, "Name":"hpt_multicannon_gimbal_huge", "BuyPrice":6377600 }, 
{ "id":128049461, "Name":"hpt_multicannon_gimbal_large", "BuyPrice":578436 }, 
{ "id":128049462, "Name":"hpt_multicannon_turret_small", "BuyPrice":81600 }, 
{ "id":128049463, "Name":"hpt_multicannon_turret_medium", "BuyPrice":1292800 }, 
{ "id":128049459, "Name":"hpt_multicannon_gimbal_small", "BuyPrice":14250 }, 
{ "id":128049460, "Name":"hpt_multicannon_gimbal_medium", "BuyPrice":57000 }, 
{ "id":128049456, "Name":"hpt_multicannon_fixed_medium", "BuyPrice":38000 }, 
{ "id":128049387, "Name":"hpt_pulselaser_gimbal_large", "BuyPrice":140600 }, 
{ "id":128049386, "Name":"hpt_pulselaser_gimbal_medium", "BuyPrice":35400 }, 
{ "id":128049385, "Name":"hpt_pulselaser_gimbal_small", "BuyPrice":6600 }, 
{ "id":128049383, "Name":"hpt_pulselaser_fixed_large", "BuyPrice":70400 }, 
{ "id":128049382, "Name":"hpt_pulselaser_fixed_medium", "BuyPrice":17600 }, 
{ "id":128049381, "Name":"hpt_pulselaser_fixed_small", "BuyPrice":2200 }, 
{ "id":128049403, "Name":"hpt_pulselaserburst_fixed_huge", "BuyPrice":281600 }, 
{ "id":128049408, "Name":"hpt_pulselaserburst_turret_medium", "BuyPrice":162800 }, 
{ "id":128049407, "Name":"hpt_pulselaserburst_turret_small", "BuyPrice":52800 }, 
{ "id":128049404, "Name":"hpt_pulselaserburst_gimbal_small", "BuyPrice":8600 }, 
{ "id":128049405, "Name":"hpt_pulselaserburst_gimbal_medium", "BuyPrice":48500 }, 
{ "id":128049466, "Name":"hpt_plasmaaccelerator_fixed_large", "BuyPrice":3051200 }, 
{ "id":128049465, "Name":"hpt_plasmaaccelerator_fixed_medium", "BuyPrice":834200 }, 
{ "id":128049441, "Name":"hpt_cannon_fixed_huge", "BuyPrice":2700800 }, 
{ "id":128049444, "Name":"hpt_cannon_gimbal_huge", "BuyPrice":5401600 }, 
{ "id":128049447, "Name":"hpt_cannon_turret_large", "BuyPrice":16204800 }, 
{ "id":128671120, "Name":"hpt_cannon_gimbal_large", "BuyPrice":1350400 }, 
{ "id":128049445, "Name":"hpt_cannon_turret_small", "BuyPrice":506400 }, 
{ "id":128049434, "Name":"hpt_beamlaser_gimbal_large", "BuyPrice":2396160 }, 
{ "id":128049430, "Name":"hpt_beamlaser_fixed_large", "BuyPrice":1177600 }, 
{ "id":128049433, "Name":"hpt_beamlaser_gimbal_medium", "BuyPrice":500600 }, 
{ "id":128049436, "Name":"hpt_beamlaser_turret_medium", "BuyPrice":2099900 }, 
{ "id":128049493, "Name":"hpt_basicmissilerack_fixed_medium", "BuyPrice":512400 }, 
{ "id":128049492, "Name":"hpt_basicmissilerack_fixed_small", "BuyPrice":72600 }, 
{ "id":128049488, "Name":"hpt_railgun_fixed_small", "BuyPrice":51600 }, 
{ "id":128049431, "Name":"hpt_beamlaser_fixed_huge", "BuyPrice":2396160 }, 
{ "id":128049437, "Name":"hpt_beamlaser_turret_large", "BuyPrice":19399600 }, 
{ "id":128049432, "Name":"hpt_beamlaser_gimbal_small", "BuyPrice":74650 }, 
{ "id":128049435, "Name":"hpt_beamlaser_turret_small", "BuyPrice":500000 }, 
{ "id":128049489, "Name":"hpt_railgun_fixed_medium", "BuyPrice":412800 }, 
{ "id":128681995, "Name":"hpt_pulselaser_gimbal_huge", "BuyPrice":877600 }, 
{ "id":128727920, "Name":"hpt_pulselaserburst_gimbal_huge", "BuyPrice":1245600 }, 
{ "id":128049406, "Name":"hpt_pulselaserburst_gimbal_large", "BuyPrice":281600 }, 
{ "id":128049402, "Name":"hpt_pulselaserburst_fixed_large", "BuyPrice":140400 }, 
{ "id":128049440, "Name":"hpt_cannon_fixed_large", "BuyPrice":675200 }, 
{ "id":128049442, "Name":"hpt_cannon_gimbal_small", "BuyPrice":42200 }, 
{ "id":128049443, "Name":"hpt_cannon_gimbal_medium", "BuyPrice":337600 }, 
{ "id":128049455, "Name":"hpt_multicannon_fixed_small", "BuyPrice":9500 }, 
{ "id":128671322, "Name":"hpt_slugshot_turret_large", "BuyPrice":5836800 }, 
{ "id":128049449, "Name":"hpt_slugshot_fixed_medium", "BuyPrice":291840 }, 
{ "id":128662530, "Name":"hpt_crimescanner_size0_class1", "BuyPrice":13544 }, 
{ "id":128662531, "Name":"hpt_crimescanner_size0_class2", "BuyPrice":40633 }, 
{ "id":128662532, "Name":"hpt_crimescanner_size0_class3", "BuyPrice":121899 }, 
{ "id":128662533, "Name":"hpt_crimescanner_size0_class4", "BuyPrice":365698 }, 
{ "id":128662528, "Name":"hpt_cloudscanner_size0_class4", "BuyPrice":365698 }, 
{ "id":128662529, "Name":"hpt_cloudscanner_size0_class5", "BuyPrice":1097095 }, 
{ "id":128662525, "Name":"hpt_cloudscanner_size0_class1", "BuyPrice":13544 }, 
{ "id":128662526, "Name":"hpt_cloudscanner_size0_class2", "BuyPrice":40633 }, 
{ "id":128662527, "Name":"hpt_cloudscanner_size0_class3", "BuyPrice":121899 }, 
{ "id":128662521, "Name":"hpt_cargoscanner_size0_class2", "BuyPrice":40633 }, 
{ "id":128662522, "Name":"hpt_cargoscanner_size0_class3", "BuyPrice":121899 }, 
{ "id":128662523, "Name":"hpt_cargoscanner_size0_class4", "BuyPrice":365698 }, 
{ "id":128662524, "Name":"hpt_cargoscanner_size0_class5", "BuyPrice":1097095 }, 
{ "id":128049549, "Name":"int_dockingcomputer_standard", "BuyPrice":4500 }, 
{ "id":128049516, "Name":"hpt_electroniccountermeasure_tiny", "BuyPrice":12500 }, 
{ "id":128049513, "Name":"hpt_chafflauncher_tiny", "BuyPrice":8500 }, 
{ "id":128049519, "Name":"hpt_heatsinklauncher_turret_tiny", "BuyPrice":3500 }, 
{ "id":128049526, "Name":"hpt_mininglaser_fixed_medium", "BuyPrice":22576 }, 
{ "id":128740820, "Name":"hpt_mininglaser_turret_medium", "BuyPrice":32576 }, 
{ "id":128049525, "Name":"hpt_mininglaser_fixed_small", "BuyPrice":6800 }, 
{ "id":128915457, "Name":"hpt_mining_subsurfdispmisle_turret_medium", "BuyPrice":381750 }, 
{ "id":128915456, "Name":"hpt_mining_subsurfdispmisle_fixed_medium", "BuyPrice":122170 }, 
{ "id":128915458, "Name":"hpt_mining_abrblstr_fixed_small", "BuyPrice":9700 }, 
{ "id":128915460, "Name":"hpt_mining_seismchrgwarhd_fixed_medium", "BuyPrice":153110 }, 
{ "id":128915719, "Name":"hpt_mrascanner_size0_class2", "BuyPrice":40633 }, 
{ "id":128915720, "Name":"hpt_mrascanner_size0_class3", "BuyPrice":121899 }, 
{ "id":128915454, "Name":"hpt_mining_subsurfdispmisle_fixed_small", "BuyPrice":12600 }, 
{ "id":128915461, "Name":"hpt_mining_seismchrgwarhd_turret_medium", "BuyPrice":445570 }, 
{ "id":128915718, "Name":"hpt_mrascanner_size0_class1", "BuyPrice":13544 }, 
{ "id":128915721, "Name":"hpt_mrascanner_size0_class4", "BuyPrice":365698 }, 
{ "id":128662520, "Name":"hpt_cargoscanner_size0_class1", "BuyPrice":13544 }, 
{ "id":128662534, "Name":"hpt_crimescanner_size0_class5", "BuyPrice":1097095 }, 
{ "id":128049292, "Name":"dolphin_armour_grade1", "BuyPrice":0 }, 
{ "id":128049293, "Name":"dolphin_armour_grade2", "BuyPrice":534929 }, 
{ "id":128049294, "Name":"dolphin_armour_grade3", "BuyPrice":1203590 }, 
{ "id":128049296, "Name":"dolphin_armour_reactive", "BuyPrice":3152070 }, 
{ "id":128049295, "Name":"dolphin_armour_mirrored", "BuyPrice":2808378 }, 
{ "id":128049340, "Name":"python_armour_grade1", "BuyPrice":0 }, 
{ "id":128049341, "Name":"python_armour_grade2", "BuyPrice":22791271 }, 
{ "id":128049342, "Name":"python_armour_grade3", "BuyPrice":51280361 }, 
{ "id":128049344, "Name":"python_armour_reactive", "BuyPrice":134297567 }, 
{ "id":128049343, "Name":"python_armour_mirrored", "BuyPrice":121192586 }, 
{ "id":128049274, "Name":"viper_armour_grade1", "BuyPrice":0 }, 
{ "id":128049275, "Name":"viper_armour_grade2", "BuyPrice":57172 }, 
{ "id":128049276, "Name":"viper_armour_grade3", "BuyPrice":128637 }, 
{ "id":128049278, "Name":"viper_armour_reactive", "BuyPrice":336888 }, 
{ "id":128049277, "Name":"viper_armour_mirrored", "BuyPrice":304014 }, 
{ "id":128049352, "Name":"ferdelance_armour_grade1", "BuyPrice":0 }, 
{ "id":128049353, "Name":"ferdelance_armour_grade2", "BuyPrice":20626816 }, 
{ "id":128049354, "Name":"ferdelance_armour_grade3", "BuyPrice":46410336 }, 
{ "id":128049355, "Name":"ferdelance_armour_mirrored", "BuyPrice":109683094 }, 
{ "id":128049356, "Name":"ferdelance_armour_reactive", "BuyPrice":121543513 }, 
{ "id":128915981, "Name":"mamba_armour_grade1", "BuyPrice":0 }, 
{ "id":128915982, "Name":"mamba_armour_grade2", "BuyPrice":22346816 }, 
{ "id":128915983, "Name":"mamba_armour_grade3", "BuyPrice":50280336 }, 
{ "id":128915984, "Name":"mamba_armour_mirrored", "BuyPrice":118829194 }, 
{ "id":128915985, "Name":"mamba_armour_reactive", "BuyPrice":131678613 }, 
{ "id":128049364, "Name":"anaconda_armour_grade1", "BuyPrice":0 }, 
{ "id":128049365, "Name":"anaconda_armour_grade2", "BuyPrice":58787780 }, 
{ "id":128049366, "Name":"anaconda_armour_grade3", "BuyPrice":132272505 }, 
{ "id":128049367, "Name":"anaconda_armour_mirrored", "BuyPrice":312604021 }, 
{ "id":128049368, "Name":"anaconda_armour_reactive", "BuyPrice":346406995 }, 
{ "id":128671218, "Name":"diamondback_armour_grade1", "BuyPrice":0 }, 
{ "id":128671219, "Name":"diamondback_armour_grade2", "BuyPrice":225731 }, 
{ "id":128671220, "Name":"diamondback_armour_grade3", "BuyPrice":507896 }, 
{ "id":128671222, "Name":"diamondback_armour_reactive", "BuyPrice":1330123 }, 
{ "id":128671221, "Name":"diamondback_armour_mirrored", "BuyPrice":1185090 }, 
{ "id":128671832, "Name":"diamondbackxl_armour_grade1", "BuyPrice":0 }, 
{ "id":128671833, "Name":"diamondbackxl_armour_grade2", "BuyPrice":757904 }, 
{ "id":128671834, "Name":"diamondbackxl_armour_grade3", "BuyPrice":1705284 }, 
{ "id":128671835, "Name":"diamondbackxl_armour_mirrored", "BuyPrice":3978996 }, 
{ "id":128671836, "Name":"diamondbackxl_armour_reactive", "BuyPrice":4465949 }, 
{ "id":128672257, "Name":"viper_mkiv_armour_grade1", "BuyPrice":0 }, 
{ "id":128672258, "Name":"viper_mkiv_armour_grade2", "BuyPrice":175172 }, 
{ "id":128672259, "Name":"viper_mkiv_armour_grade3", "BuyPrice":394137 }, 
{ "id":128672261, "Name":"viper_mkiv_armour_reactive", "BuyPrice":1032203 }, 
{ "id":128672260, "Name":"viper_mkiv_armour_mirrored", "BuyPrice":931479 }, 
{ "id":128049328, "Name":"orca_armour_grade1", "BuyPrice":0 }, 
{ "id":128049329, "Name":"orca_armour_grade2", "BuyPrice":19415954 }, 
{ "id":128049330, "Name":"orca_armour_grade3", "BuyPrice":43685898 }, 
{ "id":128049332, "Name":"orca_armour_reactive", "BuyPrice":114408513 }, 
{ "id":128049331, "Name":"orca_armour_mirrored", "BuyPrice":103244339 }, 
{ "id":128049348, "Name":"belugaliner_armour_grade3", "BuyPrice":76079487 }, 
{ "id":128049346, "Name":"belugaliner_armour_grade1", "BuyPrice":0 }, 
{ "id":128049347, "Name":"belugaliner_armour_grade2", "BuyPrice":33813105 }, 
{ "id":128049350, "Name":"belugaliner_armour_reactive", "BuyPrice":199243724 }, 
{ "id":128049349, "Name":"belugaliner_armour_mirrored", "BuyPrice":179801189 }, 
{ "id":128064338, "Name":"int_cargorack_size1_class1", "BuyPrice":1000 }, 
{ "id":128666684, "Name":"int_refinery_size1_class1", "BuyPrice":6000 }, 
{ "id":128666644, "Name":"int_fuelscoop_size1_class1", "BuyPrice":309 }, 
{ "id":128672317, "Name":"int_planetapproachsuite", "BuyPrice":500 }, 
{ "id":128727932, "Name":"int_fighterbay_size7_class1", "BuyPrice":2369320 }, 
{ "id":128727931, "Name":"int_fighterbay_size6_class1", "BuyPrice":1869340 }, 
{ "id":128727930, "Name":"int_fighterbay_size5_class1", "BuyPrice":575643 }, 
{ "id":128666704, "Name":"int_fsdinterdictor_size1_class1", "BuyPrice":12000 }, 
{ "id":128066532, "Name":"int_dronecontrol_resourcesiphon_size1_class1", "BuyPrice":600 }, 
{ "id":128064263, "Name":"int_shieldgenerator_size2_class1", "BuyPrice":1978 }, 
{ "id":128064112, "Name":"int_hyperdrive_size3_class5", "BuyPrice":507912 }, 
{ "id":128064107, "Name":"int_hyperdrive_size2_class5", "BuyPrice":160224 }, 
{ "id":128064111, "Name":"int_hyperdrive_size3_class4", "BuyPrice":169304 }, 
{ "id":128064110, "Name":"int_hyperdrive_size3_class3", "BuyPrice":56435 }, 
{ "id":128064105, "Name":"int_hyperdrive_size2_class3", "BuyPrice":17803 }, 
{ "id":128064109, "Name":"int_hyperdrive_size3_class2", "BuyPrice":18812 }, 
{ "id":128064104, "Name":"int_hyperdrive_size2_class2", "BuyPrice":5934 }, 
{ "id":128064108, "Name":"int_hyperdrive_size3_class1", "BuyPrice":6271 }, 
{ "id":128064103, "Name":"int_hyperdrive_size2_class1", "BuyPrice":1978 }, 
{ "id":128671272, "Name":"int_dronecontrol_prospector_size1_class4", "BuyPrice":4800 }, 
{ "id":128671284, "Name":"int_dronecontrol_prospector_size7_class1", "BuyPrice":437400 }, 
{ "id":128671280, "Name":"int_dronecontrol_prospector_size5_class2", "BuyPrice":97200 }, 
{ "id":128671276, "Name":"int_dronecontrol_prospector_size3_class3", "BuyPrice":21600 }, 
{ "id":128671271, "Name":"int_dronecontrol_prospector_size1_class3", "BuyPrice":2400 }, 
{ "id":128671279, "Name":"int_dronecontrol_prospector_size5_class1", "BuyPrice":48600 }, 
{ "id":128671275, "Name":"int_dronecontrol_prospector_size3_class2", "BuyPrice":10800 }, 
{ "id":128671270, "Name":"int_dronecontrol_prospector_size1_class2", "BuyPrice":1200 }, 
{ "id":128671274, "Name":"int_dronecontrol_prospector_size3_class1", "BuyPrice":5400 }, 
{ "id":128671269, "Name":"int_dronecontrol_prospector_size1_class1", "BuyPrice":600 }, 
{ "id":128666717, "Name":"int_fsdinterdictor_size2_class4", "BuyPrice":907200 }, 
{ "id":128666713, "Name":"int_fsdinterdictor_size2_class3", "BuyPrice":302400 }, 
{ "id":128666720, "Name":"int_fsdinterdictor_size1_class5", "BuyPrice":972000 }, 
{ "id":128666712, "Name":"int_fsdinterdictor_size1_class3", "BuyPrice":108000 }, 
{ "id":128666709, "Name":"int_fsdinterdictor_size2_class2", "BuyPrice":100800 }, 
{ "id":128666708, "Name":"int_fsdinterdictor_size1_class2", "BuyPrice":36000 }, 
{ "id":128666705, "Name":"int_fsdinterdictor_size2_class1", "BuyPrice":33600 }, 
{ "id":128672293, "Name":"int_buggybay_size6_class2", "BuyPrice":691200 }, 
{ "id":128672291, "Name":"int_buggybay_size4_class2", "BuyPrice":86400 }, 
{ "id":128672292, "Name":"int_buggybay_size6_class1", "BuyPrice":576000 }, 
{ "id":128672289, "Name":"int_buggybay_size2_class2", "BuyPrice":21600 }, 
{ "id":128672288, "Name":"int_buggybay_size2_class1", "BuyPrice":18000 }, 
{ "id":128064042, "Name":"int_powerplant_size3_class5", "BuyPrice":480411 }, 
{ "id":128064037, "Name":"int_powerplant_size2_class5", "BuyPrice":160137 }, 
{ "id":128064036, "Name":"int_powerplant_size2_class4", "BuyPrice":53379 }, 
{ "id":128064040, "Name":"int_powerplant_size3_class3", "BuyPrice":53379 }, 
{ "id":128064035, "Name":"int_powerplant_size2_class3", "BuyPrice":17793 }, 
{ "id":128064039, "Name":"int_powerplant_size3_class2", "BuyPrice":17793 }, 
{ "id":128064034, "Name":"int_powerplant_size2_class2", "BuyPrice":5931 }, 
{ "id":128064038, "Name":"int_powerplant_size3_class1", "BuyPrice":5931 }, 
{ "id":128064033, "Name":"int_powerplant_size2_class1", "BuyPrice":1977 }, 
{ "id":128064287, "Name":"int_shieldgenerator_size6_class5", "BuyPrice":16179531 }, 
{ "id":128064282, "Name":"int_shieldgenerator_size5_class5", "BuyPrice":5103953 }, 
{ "id":128064277, "Name":"int_shieldgenerator_size4_class5", "BuyPrice":1610080 }, 
{ "id":128064286, "Name":"int_shieldgenerator_size6_class4", "BuyPrice":5393177 }, 
{ "id":128064281, "Name":"int_shieldgenerator_size5_class4", "BuyPrice":1701318 }, 
{ "id":128064276, "Name":"int_shieldgenerator_size4_class4", "BuyPrice":536693 }, 
{ "id":128671336, "Name":"int_shieldgenerator_size6_class3_fast", "BuyPrice":2696589 }, 
{ "id":128064285, "Name":"int_shieldgenerator_size6_class3", "BuyPrice":1797726 }, 
{ "id":128671335, "Name":"int_shieldgenerator_size5_class3_fast", "BuyPrice":850659 }, 
{ "id":128064284, "Name":"int_shieldgenerator_size6_class2", "BuyPrice":599242 }, 
{ "id":128064280, "Name":"int_shieldgenerator_size5_class3", "BuyPrice":567106 }, 
{ "id":128671334, "Name":"int_shieldgenerator_size4_class3_fast", "BuyPrice":268347 }, 
{ "id":128064283, "Name":"int_shieldgenerator_size6_class1", "BuyPrice":199747 }, 
{ "id":128064279, "Name":"int_shieldgenerator_size5_class2", "BuyPrice":189035 }, 
{ "id":128064275, "Name":"int_shieldgenerator_size4_class3", "BuyPrice":178898 }, 
{ "id":128064274, "Name":"int_shieldgenerator_size4_class2", "BuyPrice":59633 }, 
{ "id":128666701, "Name":"int_refinery_size2_class5", "BuyPrice":1020600 }, 
{ "id":128666697, "Name":"int_refinery_size2_class4", "BuyPrice":340200 }, 
{ "id":128666700, "Name":"int_refinery_size1_class5", "BuyPrice":486000 }, 
{ "id":128666693, "Name":"int_refinery_size2_class3", "BuyPrice":113400 }, 
{ "id":128666696, "Name":"int_refinery_size1_class4", "BuyPrice":162000 }, 
{ "id":128666689, "Name":"int_refinery_size2_class2", "BuyPrice":37800 }, 
{ "id":128666692, "Name":"int_refinery_size1_class3", "BuyPrice":54000 }, 
{ "id":128666685, "Name":"int_refinery_size2_class1", "BuyPrice":12600 }, 
{ "id":128666688, "Name":"int_refinery_size1_class2", "BuyPrice":18000 }, 
{ "id":128727926, "Name":"int_passengercabin_size6_class1", "BuyPrice":61410 }, 
{ "id":128734692, "Name":"int_passengercabin_size3_class2", "BuyPrice":26705 }, 
{ "id":128727922, "Name":"int_passengercabin_size4_class1", "BuyPrice":18954 }, 
{ "id":128727923, "Name":"int_passengercabin_size4_class2", "BuyPrice":56862 }, 
{ "id":128734690, "Name":"int_passengercabin_size2_class1", "BuyPrice":4312 }, 
{ "id":128734691, "Name":"int_passengercabin_size3_class1", "BuyPrice":8657 }, 
{ "id":128734693, "Name":"int_passengercabin_size5_class1", "BuyPrice":34954 }, 
{ "id":128064212, "Name":"int_powerdistributor_size7_class5", "BuyPrice":9731925 }, 
{ "id":128064217, "Name":"int_powerdistributor_size8_class5", "BuyPrice":27249391 }, 
{ "id":128064216, "Name":"int_powerdistributor_size8_class4", "BuyPrice":10899756 }, 
{ "id":128064211, "Name":"int_powerdistributor_size7_class4", "BuyPrice":3892770 }, 
{ "id":128064215, "Name":"int_powerdistributor_size8_class3", "BuyPrice":4359903 }, 
{ "id":128064210, "Name":"int_powerdistributor_size7_class3", "BuyPrice":1557108 }, 
{ "id":128064214, "Name":"int_powerdistributor_size8_class2", "BuyPrice":1743961 }, 
{ "id":128064209, "Name":"int_powerdistributor_size7_class2", "BuyPrice":622843 }, 
{ "id":128064213, "Name":"int_powerdistributor_size8_class1", "BuyPrice":697584 }, 
{ "id":128064208, "Name":"int_powerdistributor_size7_class1", "BuyPrice":249137 }, 
{ "id":128064353, "Name":"int_fueltank_size8_class3", "BuyPrice":5428429 }, 
{ "id":128064352, "Name":"int_fueltank_size7_class3", "BuyPrice":1780914 }, 
{ "id":128064351, "Name":"int_fueltank_size6_class3", "BuyPrice":341577 }, 
{ "id":128064350, "Name":"int_fueltank_size5_class3", "BuyPrice":97754 }, 
{ "id":128064349, "Name":"int_fueltank_size4_class3", "BuyPrice":24734 }, 
{ "id":128064348, "Name":"int_fueltank_size3_class3", "BuyPrice":7063 }, 
{ "id":128064347, "Name":"int_fueltank_size2_class3", "BuyPrice":3750 }, 
{ "id":128064346, "Name":"int_fueltank_size1_class3", "BuyPrice":1000 }, 
{ "id":128064182, "Name":"int_powerdistributor_size1_class5", "BuyPrice":20195 }, 
{ "id":128064191, "Name":"int_powerdistributor_size3_class4", "BuyPrice":63333 }, 
{ "id":128064186, "Name":"int_powerdistributor_size2_class4", "BuyPrice":22619 }, 
{ "id":128064181, "Name":"int_powerdistributor_size1_class4", "BuyPrice":8078 }, 
{ "id":128064190, "Name":"int_powerdistributor_size3_class3", "BuyPrice":25333 }, 
{ "id":128064180, "Name":"int_powerdistributor_size1_class3", "BuyPrice":3231 }, 
{ "id":128064185, "Name":"int_powerdistributor_size2_class3", "BuyPrice":9048 }, 
{ "id":128064189, "Name":"int_powerdistributor_size3_class2", "BuyPrice":10133 }, 
{ "id":128064179, "Name":"int_powerdistributor_size1_class2", "BuyPrice":1293 }, 
{ "id":128064184, "Name":"int_powerdistributor_size2_class2", "BuyPrice":3619 }, 
{ "id":128064188, "Name":"int_powerdistributor_size3_class1", "BuyPrice":4053 }, 
{ "id":128064178, "Name":"int_powerdistributor_size1_class1", "BuyPrice":517 }, 
{ "id":128064183, "Name":"int_powerdistributor_size2_class1", "BuyPrice":1448 }, 
{ "id":128671283, "Name":"int_dronecontrol_prospector_size5_class5", "BuyPrice":777600 }, 
{ "id":128671278, "Name":"int_dronecontrol_prospector_size3_class5", "BuyPrice":86400 }, 
{ "id":128671287, "Name":"int_dronecontrol_prospector_size7_class4", "BuyPrice":3499200 }, 
{ "id":128671282, "Name":"int_dronecontrol_prospector_size5_class4", "BuyPrice":388800 }, 
{ "id":128671277, "Name":"int_dronecontrol_prospector_size3_class4", "BuyPrice":43200 }, 
{ "id":128671285, "Name":"int_dronecontrol_prospector_size7_class2", "BuyPrice":874800 }, 
{ "id":128671281, "Name":"int_dronecontrol_prospector_size5_class3", "BuyPrice":194400 }, 
{ "id":128064272, "Name":"int_shieldgenerator_size3_class5", "BuyPrice":507912 }, 
{ "id":128064267, "Name":"int_shieldgenerator_size2_class5", "BuyPrice":160224 }, 
{ "id":128064271, "Name":"int_shieldgenerator_size3_class4", "BuyPrice":169304 }, 
{ "id":128064266, "Name":"int_shieldgenerator_size2_class4", "BuyPrice":53408 }, 
{ "id":128671333, "Name":"int_shieldgenerator_size3_class3_fast", "BuyPrice":84653 }, 
{ "id":128671332, "Name":"int_shieldgenerator_size2_class3_fast", "BuyPrice":26705 }, 
{ "id":128671331, "Name":"int_shieldgenerator_size1_class3_fast", "BuyPrice":7713 }, 
{ "id":128064270, "Name":"int_shieldgenerator_size3_class3", "BuyPrice":56435 }, 
{ "id":128064265, "Name":"int_shieldgenerator_size2_class3", "BuyPrice":17803 }, 
{ "id":128064269, "Name":"int_shieldgenerator_size3_class2", "BuyPrice":18812 }, 
{ "id":128064264, "Name":"int_shieldgenerator_size2_class2", "BuyPrice":5934 }, 
{ "id":128064268, "Name":"int_shieldgenerator_size3_class1", "BuyPrice":6271 }, 
{ "id":128666678, "Name":"int_fuelscoop_size3_class5", "BuyPrice":902954 }, 
{ "id":128666677, "Name":"int_fuelscoop_size2_class5", "BuyPrice":284844 }, 
{ "id":128666670, "Name":"int_fuelscoop_size3_class4", "BuyPrice":225738 }, 
{ "id":128666662, "Name":"int_fuelscoop_size3_class3", "BuyPrice":56435 }, 
{ "id":128666676, "Name":"int_fuelscoop_size1_class5", "BuyPrice":82270 }, 
{ "id":128666661, "Name":"int_fuelscoop_size2_class3", "BuyPrice":17803 }, 
{ "id":128666668, "Name":"int_fuelscoop_size1_class4", "BuyPrice":20568 }, 
{ "id":128666654, "Name":"int_fuelscoop_size3_class2", "BuyPrice":14109 }, 
{ "id":128666660, "Name":"int_fuelscoop_size1_class3", "BuyPrice":5142 }, 
{ "id":128666653, "Name":"int_fuelscoop_size2_class2", "BuyPrice":4451 }, 
{ "id":128666646, "Name":"int_fuelscoop_size3_class1", "BuyPrice":3386 }, 
{ "id":128666652, "Name":"int_fuelscoop_size1_class2", "BuyPrice":1285 }, 
{ "id":128666645, "Name":"int_fuelscoop_size2_class1", "BuyPrice":1068 }, 
{ "id":128667637, "Name":"int_repairer_size8_class5", "BuyPrice":49589823 }, 
{ "id":128667636, "Name":"int_repairer_size7_class5", "BuyPrice":27549901 }, 
{ "id":128667629, "Name":"int_repairer_size8_class4", "BuyPrice":16529941 }, 
{ "id":128667635, "Name":"int_repairer_size6_class5", "BuyPrice":15305501 }, 
{ "id":128667621, "Name":"int_repairer_size8_class3", "BuyPrice":5509980 }, 
{ "id":128667627, "Name":"int_repairer_size6_class4", "BuyPrice":5101834 }, 
{ "id":128667626, "Name":"int_repairer_size5_class4", "BuyPrice":2834352 }, 
{ "id":128667619, "Name":"int_repairer_size6_class3", "BuyPrice":1700611 }, 
{ "id":128667613, "Name":"int_repairer_size8_class2", "BuyPrice":1836660 }, 
{ "id":128667625, "Name":"int_repairer_size4_class4", "BuyPrice":1574640 }, 
{ "id":128667618, "Name":"int_repairer_size5_class3", "BuyPrice":944784 }, 
{ "id":128667612, "Name":"int_repairer_size7_class2", "BuyPrice":1020367 }, 
{ "id":128667617, "Name":"int_repairer_size4_class3", "BuyPrice":524880 }, 
{ "id":128666634, "Name":"int_detailedsurfacescanner_tiny", "BuyPrice":250000 }, 
{ "id":128666703, "Name":"int_refinery_size4_class5", "BuyPrice":4500846 }, 
{ "id":128666699, "Name":"int_refinery_size4_class4", "BuyPrice":1500282 }, 
{ "id":128666695, "Name":"int_refinery_size4_class3", "BuyPrice":500094 }, 
{ "id":128666702, "Name":"int_refinery_size3_class5", "BuyPrice":2143260 }, 
{ "id":128666691, "Name":"int_refinery_size4_class2", "BuyPrice":166698 }, 
{ "id":128666694, "Name":"int_refinery_size3_class3", "BuyPrice":238140 }, 
{ "id":128666687, "Name":"int_refinery_size4_class1", "BuyPrice":55566 }, 
{ "id":128666690, "Name":"int_refinery_size3_class2", "BuyPrice":79380 }, 
{ "id":128666686, "Name":"int_refinery_size3_class1", "BuyPrice":26460 }, 
{ "id":128666723, "Name":"int_fsdinterdictor_size4_class5", "BuyPrice":21337344 }, 
{ "id":128666719, "Name":"int_fsdinterdictor_size4_class4", "BuyPrice":7112448 }, 
{ "id":128666715, "Name":"int_fsdinterdictor_size4_class3", "BuyPrice":2370816 }, 
{ "id":128666711, "Name":"int_fsdinterdictor_size4_class2", "BuyPrice":790272 }, 
{ "id":128666714, "Name":"int_fsdinterdictor_size3_class3", "BuyPrice":846720 }, 
{ "id":128666707, "Name":"int_fsdinterdictor_size4_class1", "BuyPrice":263424 }, 
{ "id":128666706, "Name":"int_fsdinterdictor_size3_class1", "BuyPrice":94080 }, 
{ "id":128064312, "Name":"int_shieldcellbank_size3_class5", "BuyPrice":158331 }, 
{ "id":128064302, "Name":"int_shieldcellbank_size1_class5", "BuyPrice":20195 }, 
{ "id":128064307, "Name":"int_shieldcellbank_size2_class5", "BuyPrice":56547 }, 
{ "id":128064311, "Name":"int_shieldcellbank_size3_class4", "BuyPrice":63333 }, 
{ "id":128064301, "Name":"int_shieldcellbank_size1_class4", "BuyPrice":8078 }, 
{ "id":128064310, "Name":"int_shieldcellbank_size3_class3", "BuyPrice":25333 }, 
{ "id":128064300, "Name":"int_shieldcellbank_size1_class3", "BuyPrice":3231 }, 
{ "id":128064305, "Name":"int_shieldcellbank_size2_class3", "BuyPrice":9048 }, 
{ "id":128064309, "Name":"int_shieldcellbank_size3_class2", "BuyPrice":10133 }, 
{ "id":128064299, "Name":"int_shieldcellbank_size1_class2", "BuyPrice":1293 }, 
{ "id":128064304, "Name":"int_shieldcellbank_size2_class2", "BuyPrice":3619 }, 
{ "id":128064308, "Name":"int_shieldcellbank_size3_class1", "BuyPrice":4053 }, 
{ "id":128064232, "Name":"int_sensors_size3_class5", "BuyPrice":158331 }, 
{ "id":128064222, "Name":"int_sensors_size1_class5", "BuyPrice":20195 }, 
{ "id":128064227, "Name":"int_sensors_size2_class5", "BuyPrice":56547 }, 
{ "id":128064231, "Name":"int_sensors_size3_class4", "BuyPrice":63333 }, 
{ "id":128064226, "Name":"int_sensors_size2_class4", "BuyPrice":22619 }, 
{ "id":128064221, "Name":"int_sensors_size1_class4", "BuyPrice":8078 }, 
{ "id":128064230, "Name":"int_sensors_size3_class3", "BuyPrice":25333 }, 
{ "id":128064220, "Name":"int_sensors_size1_class3", "BuyPrice":3231 }, 
{ "id":128064225, "Name":"int_sensors_size2_class3", "BuyPrice":9048 }, 
{ "id":128064229, "Name":"int_sensors_size3_class2", "BuyPrice":10133 }, 
{ "id":128064219, "Name":"int_sensors_size1_class2", "BuyPrice":1293 }, 
{ "id":128666682, "Name":"int_fuelscoop_size7_class5", "BuyPrice":91180644 }, 
{ "id":128666675, "Name":"int_fuelscoop_size8_class4", "BuyPrice":72260660 }, 
{ "id":128666674, "Name":"int_fuelscoop_size7_class4", "BuyPrice":22795161 }, 
{ "id":128666667, "Name":"int_fuelscoop_size8_class3", "BuyPrice":18065165 }, 
{ "id":128666666, "Name":"int_fuelscoop_size7_class3", "BuyPrice":5698790 }, 
{ "id":128666659, "Name":"int_fuelscoop_size8_class2", "BuyPrice":4516291 }, 
{ "id":128666658, "Name":"int_fuelscoop_size7_class2", "BuyPrice":1424698 }, 
{ "id":128666651, "Name":"int_fuelscoop_size8_class1", "BuyPrice":1083910 }, 
{ "id":128666650, "Name":"int_fuelscoop_size7_class1", "BuyPrice":341927 }, 
{ "id":128066541, "Name":"int_dronecontrol_resourcesiphon_size3_class5", "BuyPrice":86400 }, 
{ "id":128066536, "Name":"int_dronecontrol_resourcesiphon_size1_class5", "BuyPrice":9600 }, 
{ "id":128066535, "Name":"int_dronecontrol_resourcesiphon_size1_class4", "BuyPrice":4800 }, 
{ "id":128066539, "Name":"int_dronecontrol_resourcesiphon_size3_class3", "BuyPrice":21600 }, 
{ "id":128066534, "Name":"int_dronecontrol_resourcesiphon_size1_class3", "BuyPrice":2400 }, 
{ "id":128066538, "Name":"int_dronecontrol_resourcesiphon_size3_class2", "BuyPrice":10800 }, 
{ "id":128066533, "Name":"int_dronecontrol_resourcesiphon_size1_class2", "BuyPrice":1200 }, 
{ "id":128066537, "Name":"int_dronecontrol_resourcesiphon_size3_class1", "BuyPrice":5400 }, 
{ "id":128066551, "Name":"int_dronecontrol_resourcesiphon_size7_class5", "BuyPrice":6998400 }, 
{ "id":128066550, "Name":"int_dronecontrol_resourcesiphon_size7_class4", "BuyPrice":3499200 }, 
{ "id":128066545, "Name":"int_dronecontrol_resourcesiphon_size5_class4", "BuyPrice":388800 }, 
{ "id":128066548, "Name":"int_dronecontrol_resourcesiphon_size7_class2", "BuyPrice":874800 }, 
{ "id":128066544, "Name":"int_dronecontrol_resourcesiphon_size5_class3", "BuyPrice":194400 }, 
{ "id":128066547, "Name":"int_dronecontrol_resourcesiphon_size7_class1", "BuyPrice":437400 }, 
{ "id":128066543, "Name":"int_dronecontrol_resourcesiphon_size5_class2", "BuyPrice":97200 }, 
{ "id":128066542, "Name":"int_dronecontrol_resourcesiphon_size5_class1", "BuyPrice":48600 }, 
{ "id":128064337, "Name":"int_shieldcellbank_size8_class5", "BuyPrice":27249391 }, 
{ "id":128064336, "Name":"int_shieldcellbank_size8_class4", "BuyPrice":10899756 }, 
{ "id":128064331, "Name":"int_shieldcellbank_size7_class4", "BuyPrice":3892770 }, 
{ "id":128064330, "Name":"int_shieldcellbank_size7_class3", "BuyPrice":1557108 }, 
{ "id":128064334, "Name":"int_shieldcellbank_size8_class2", "BuyPrice":1743961 }, 
{ "id":128064329, "Name":"int_shieldcellbank_size7_class2", "BuyPrice":622843 }, 
{ "id":128064333, "Name":"int_shieldcellbank_size8_class1", "BuyPrice":697584 }, 
{ "id":128064328, "Name":"int_shieldcellbank_size7_class1", "BuyPrice":249137 }, 
{ "id":128667611, "Name":"int_repairer_size6_class2", "BuyPrice":566870 }, 
{ "id":128667605, "Name":"int_repairer_size8_class1", "BuyPrice":612220 }, 
{ "id":128667623, "Name":"int_repairer_size2_class4", "BuyPrice":486000 }, 
{ "id":128667616, "Name":"int_repairer_size3_class3", "BuyPrice":291600 }, 
{ "id":128667610, "Name":"int_repairer_size5_class2", "BuyPrice":314928 }, 
{ "id":128667604, "Name":"int_repairer_size7_class1", "BuyPrice":340122 }, 
{ "id":128667609, "Name":"int_repairer_size4_class2", "BuyPrice":174960 }, 
{ "id":128667622, "Name":"int_repairer_size1_class4", "BuyPrice":270000 }, 
{ "id":128667615, "Name":"int_repairer_size2_class3", "BuyPrice":162000 }, 
{ "id":128064172, "Name":"int_lifesupport_size7_class5", "BuyPrice":9731925 }, 
{ "id":128064177, "Name":"int_lifesupport_size8_class5", "BuyPrice":27249391 }, 
{ "id":128064171, "Name":"int_lifesupport_size7_class4", "BuyPrice":3892770 }, 
{ "id":128064170, "Name":"int_lifesupport_size7_class3", "BuyPrice":1557108 }, 
{ "id":128064174, "Name":"int_lifesupport_size8_class2", "BuyPrice":1743961 }, 
{ "id":128064169, "Name":"int_lifesupport_size7_class2", "BuyPrice":622843 }, 
{ "id":128064173, "Name":"int_lifesupport_size8_class1", "BuyPrice":697584 }, 
{ "id":128064168, "Name":"int_lifesupport_size7_class1", "BuyPrice":249137 }, 
{ "id":128064142, "Name":"int_lifesupport_size1_class5", "BuyPrice":20195 }, 
{ "id":128064151, "Name":"int_lifesupport_size3_class4", "BuyPrice":63333 }, 
{ "id":128064141, "Name":"int_lifesupport_size1_class4", "BuyPrice":8078 }, 
{ "id":128064150, "Name":"int_lifesupport_size3_class3", "BuyPrice":25333 }, 
{ "id":128064140, "Name":"int_lifesupport_size1_class3", "BuyPrice":3231 }, 
{ "id":128064145, "Name":"int_lifesupport_size2_class3", "BuyPrice":9048 }, 
{ "id":128064149, "Name":"int_lifesupport_size3_class2", "BuyPrice":10133 }, 
{ "id":128064139, "Name":"int_lifesupport_size1_class2", "BuyPrice":1293 }, 
{ "id":128064101, "Name":"int_engine_size8_class4", "BuyPrice":54195495 }, 
{ "id":128064096, "Name":"int_engine_size7_class4", "BuyPrice":17096371 }, 
{ "id":128064100, "Name":"int_engine_size8_class3", "BuyPrice":18065165 }, 
{ "id":128064095, "Name":"int_engine_size7_class3", "BuyPrice":5698790 }, 
{ "id":128064094, "Name":"int_engine_size7_class2", "BuyPrice":1899597 }, 
{ "id":128064098, "Name":"int_engine_size8_class1", "BuyPrice":2007241 }, 
{ "id":128064093, "Name":"int_engine_size7_class1", "BuyPrice":633199 }, 
{ "id":128064062, "Name":"int_powerplant_size7_class5", "BuyPrice":38913291 }, 
{ "id":128064065, "Name":"int_powerplant_size8_class3", "BuyPrice":12971097 }, 
{ "id":128064060, "Name":"int_powerplant_size7_class3", "BuyPrice":4323699 }, 
{ "id":128064064, "Name":"int_powerplant_size8_class2", "BuyPrice":4323699 }, 
{ "id":128064059, "Name":"int_powerplant_size7_class2", "BuyPrice":1441233 }, 
{ "id":128064063, "Name":"int_powerplant_size8_class1", "BuyPrice":1441233 }, 
{ "id":128064058, "Name":"int_powerplant_size7_class1", "BuyPrice":480411 }, 
{ "id":128064076, "Name":"int_engine_size3_class4", "BuyPrice":169304 }, 
{ "id":128064071, "Name":"int_engine_size2_class4", "BuyPrice":53408 }, 
{ "id":128064075, "Name":"int_engine_size3_class3", "BuyPrice":56435 }, 
{ "id":128064070, "Name":"int_engine_size2_class3", "BuyPrice":17803 }, 
{ "id":128064074, "Name":"int_engine_size3_class2", "BuyPrice":18812 }, 
{ "id":128064069, "Name":"int_engine_size2_class2", "BuyPrice":5934 }, 
{ "id":128064131, "Name":"int_hyperdrive_size7_class4", "BuyPrice":17096371 }, 
{ "id":128064135, "Name":"int_hyperdrive_size8_class3", "BuyPrice":18065165 }, 
{ "id":128064130, "Name":"int_hyperdrive_size7_class3", "BuyPrice":5698790 }, 
{ "id":128064134, "Name":"int_hyperdrive_size8_class2", "BuyPrice":6021722 }, 
{ "id":128064129, "Name":"int_hyperdrive_size7_class2", "BuyPrice":1899597 }, 
{ "id":128064292, "Name":"int_shieldgenerator_size7_class5", "BuyPrice":51289112 }, 
{ "id":128064297, "Name":"int_shieldgenerator_size8_class5", "BuyPrice":162586486 }, 
{ "id":128064291, "Name":"int_shieldgenerator_size7_class4", "BuyPrice":17096371 }, 
{ "id":128064295, "Name":"int_shieldgenerator_size8_class3", "BuyPrice":18065165 }, 
{ "id":128671338, "Name":"int_shieldgenerator_size8_class3_fast", "BuyPrice":27097748 }, 
{ "id":128064345, "Name":"int_cargorack_size8_class1", "BuyPrice":3829866 }, 
{ "id":128064344, "Name":"int_cargorack_size7_class1", "BuyPrice":1178420 }, 
{ "id":128064343, "Name":"int_cargorack_size6_class1", "BuyPrice":362591 }, 
{ "id":128064342, "Name":"int_cargorack_size5_class1", "BuyPrice":111566 }, 
{ "id":128064237, "Name":"int_sensors_size4_class5", "BuyPrice":443328 }, 
{ "id":128064246, "Name":"int_sensors_size6_class4", "BuyPrice":1390275 }, 
{ "id":128064241, "Name":"int_sensors_size5_class4", "BuyPrice":496527 }, 
{ "id":128064236, "Name":"int_sensors_size4_class4", "BuyPrice":177331 }, 
{ "id":128671233, "Name":"int_dronecontrol_collection_size1_class5", "BuyPrice":9600 }, 
{ "id":128671247, "Name":"int_dronecontrol_collection_size7_class4", "BuyPrice":3499200 }, 
{ "id":128671242, "Name":"int_dronecontrol_collection_size5_class4", "BuyPrice":388800 }, 
{ "id":128668546, "Name":"int_hullreinforcement_size5_class2", "BuyPrice":450000 }, 
{ "id":128737279, "Name":"int_modulereinforcement_size5_class2", "BuyPrice":450000 }, 
{ "id":128737276, "Name":"int_modulereinforcement_size4_class1", "BuyPrice":65000 }, 
{ "id":128668539, "Name":"int_hullreinforcement_size2_class1", "BuyPrice":12000 }, 
{ "id":128049250, "Name":"sidewinder_armour_grade1", "BuyPrice":0 }, 
{ "id":128049251, "Name":"sidewinder_armour_grade2", "BuyPrice":25600 }, 
{ "id":128049252, "Name":"sidewinder_armour_grade3", "BuyPrice":80320 }, 
{ "id":128049254, "Name":"sidewinder_armour_reactive", "BuyPrice":139424 }, 
{ "id":128049253, "Name":"sidewinder_armour_mirrored", "BuyPrice":132064 }, 
{ "id":128049256, "Name":"eagle_armour_grade1", "BuyPrice":0 }, 
{ "id":128049257, "Name":"eagle_armour_grade2", "BuyPrice":26880 }, 
{ "id":128049258, "Name":"eagle_armour_grade3", "BuyPrice":90048 }, 
{ "id":128049260, "Name":"eagle_armour_reactive", "BuyPrice":150393 }, 
{ "id":128049259, "Name":"eagle_armour_mirrored", "BuyPrice":140089 }, 
{ "id":128049262, "Name":"hauler_armour_grade1", "BuyPrice":0 }, 
{ "id":128049263, "Name":"hauler_armour_grade2", "BuyPrice":42176 }, 
{ "id":128049264, "Name":"hauler_armour_grade3", "BuyPrice":185047 }, 
{ "id":128049266, "Name":"hauler_armour_reactive", "BuyPrice":282421 }, 
{ "id":128049265, "Name":"hauler_armour_mirrored", "BuyPrice":270295 }, 
{ "id":128049280, "Name":"cobramkiii_armour_grade1", "BuyPrice":0 }, 
{ "id":128049281, "Name":"cobramkiii_armour_grade2", "BuyPrice":139887 }, 
{ "id":128049282, "Name":"cobramkiii_armour_grade3", "BuyPrice":314746 }, 
{ "id":128049284, "Name":"cobramkiii_armour_reactive", "BuyPrice":824285 }, 
{ "id":128049283, "Name":"cobramkiii_armour_mirrored", "BuyPrice":734407 }, 
{ "id":128064341, "Name":"int_cargorack_size4_class1", "BuyPrice":34328 }, 
{ "id":128064340, "Name":"int_cargorack_size3_class1", "BuyPrice":10563 }, 
{ "id":128064339, "Name":"int_cargorack_size2_class1", "BuyPrice":3250 }, 
{ "id":128666672, "Name":"int_fuelscoop_size5_class4", "BuyPrice":2268424 }, 
{ "id":128666665, "Name":"int_fuelscoop_size6_class3", "BuyPrice":1797726 }, 
{ "id":128666679, "Name":"int_fuelscoop_size4_class5", "BuyPrice":2862364 }, 
{ "id":128666671, "Name":"int_fuelscoop_size4_class4", "BuyPrice":715591 }, 
{ "id":128666664, "Name":"int_fuelscoop_size5_class3", "BuyPrice":567106 }, 
{ "id":128666663, "Name":"int_fuelscoop_size4_class3", "BuyPrice":178898 }, 
{ "id":128666657, "Name":"int_fuelscoop_size6_class2", "BuyPrice":449431 }, 
{ "id":128666656, "Name":"int_fuelscoop_size5_class2", "BuyPrice":141776 }, 
{ "id":128666649, "Name":"int_fuelscoop_size6_class1", "BuyPrice":107864 }, 
{ "id":128666655, "Name":"int_fuelscoop_size4_class2", "BuyPrice":44724 }, 
{ "id":128064106, "Name":"int_hyperdrive_size2_class4", "BuyPrice":53408 }, 
{ "id":128668544, "Name":"int_hullreinforcement_size4_class2", "BuyPrice":195000 }, 
{ "id":128737277, "Name":"int_modulereinforcement_size4_class2", "BuyPrice":195000 }, 
{ "id":128668542, "Name":"int_hullreinforcement_size3_class2", "BuyPrice":84000 }, 
{ "id":128737275, "Name":"int_modulereinforcement_size3_class2", "BuyPrice":84000 }, 
{ "id":128668540, "Name":"int_hullreinforcement_size2_class2", "BuyPrice":36000 }, 
{ "id":128737273, "Name":"int_modulereinforcement_size2_class2", "BuyPrice":36000 }, 
{ "id":128668538, "Name":"int_hullreinforcement_size1_class2", "BuyPrice":15000 }, 
{ "id":128737271, "Name":"int_modulereinforcement_size1_class2", "BuyPrice":15000 }, 
{ "id":128064041, "Name":"int_powerplant_size3_class4", "BuyPrice":160137 }, 
{ "id":128668545, "Name":"int_hullreinforcement_size5_class1", "BuyPrice":150000 }, 
{ "id":128737278, "Name":"int_modulereinforcement_size5_class1", "BuyPrice":150000 }, 
{ "id":128668543, "Name":"int_hullreinforcement_size4_class1", "BuyPrice":65000 }, 
{ "id":128668541, "Name":"int_hullreinforcement_size3_class1", "BuyPrice":28000 }, 
{ "id":128737274, "Name":"int_modulereinforcement_size3_class1", "BuyPrice":28000 }, 
{ "id":128737272, "Name":"int_modulereinforcement_size2_class1", "BuyPrice":12000 }, 
{ "id":128668537, "Name":"int_hullreinforcement_size1_class1", "BuyPrice":5000 }, 
{ "id":128737270, "Name":"int_modulereinforcement_size1_class1", "BuyPrice":5000 }, 
{ "id":128064327, "Name":"int_shieldcellbank_size6_class5", "BuyPrice":3475688 }, 
{ "id":128064317, "Name":"int_shieldcellbank_size4_class5", "BuyPrice":443328 }, 
{ "id":128064326, "Name":"int_shieldcellbank_size6_class4", "BuyPrice":1390275 }, 
{ "id":128064321, "Name":"int_shieldcellbank_size5_class4", "BuyPrice":496527 }, 
{ "id":128064316, "Name":"int_shieldcellbank_size4_class4", "BuyPrice":177331 }, 
{ "id":128064320, "Name":"int_shieldcellbank_size5_class3", "BuyPrice":198611 }, 
{ "id":128064324, "Name":"int_shieldcellbank_size6_class2", "BuyPrice":222444 }, 
{ "id":128064315, "Name":"int_shieldcellbank_size4_class3", "BuyPrice":70932 }, 
{ "id":128064192, "Name":"int_powerdistributor_size3_class5", "BuyPrice":158331 }, 
{ "id":128064187, "Name":"int_powerdistributor_size2_class5", "BuyPrice":56547 }, 
{ "id":128671288, "Name":"int_dronecontrol_prospector_size7_class5", "BuyPrice":6998400 }, 
{ "id":128671273, "Name":"int_dronecontrol_prospector_size1_class5", "BuyPrice":9600 }, 
{ "id":128671286, "Name":"int_dronecontrol_prospector_size7_class3", "BuyPrice":1749600 }, 
{ "id":128064162, "Name":"int_lifesupport_size5_class5", "BuyPrice":1241317 }, 
{ "id":128064157, "Name":"int_lifesupport_size4_class5", "BuyPrice":443328 }, 
{ "id":128064166, "Name":"int_lifesupport_size6_class4", "BuyPrice":1390275 }, 
{ "id":128064161, "Name":"int_lifesupport_size5_class4", "BuyPrice":496527 }, 
{ "id":128064156, "Name":"int_lifesupport_size4_class4", "BuyPrice":177331 }, 
{ "id":128064160, "Name":"int_lifesupport_size5_class3", "BuyPrice":198611 }, 
{ "id":128064164, "Name":"int_lifesupport_size6_class2", "BuyPrice":222444 }, 
{ "id":128668536, "Name":"hpt_shieldbooster_size0_class5", "BuyPrice":281000 }, 
{ "id":128668535, "Name":"hpt_shieldbooster_size0_class4", "BuyPrice":122000 }, 
{ "id":128668534, "Name":"hpt_shieldbooster_size0_class3", "BuyPrice":53000 }, 
{ "id":128668533, "Name":"hpt_shieldbooster_size0_class2", "BuyPrice":23000 }, 
{ "id":128668532, "Name":"hpt_shieldbooster_size0_class1", "BuyPrice":10000 }, 
{ "id":128064052, "Name":"int_powerplant_size5_class5", "BuyPrice":4323699 }, 
{ "id":128064056, "Name":"int_powerplant_size6_class4", "BuyPrice":4323699 }, 
{ "id":128064051, "Name":"int_powerplant_size5_class4", "BuyPrice":1441233 }, 
{ "id":128064046, "Name":"int_powerplant_size4_class4", "BuyPrice":480411 }, 
{ "id":128064055, "Name":"int_powerplant_size6_class3", "BuyPrice":1441233 }, 
{ "id":128064224, "Name":"int_sensors_size2_class2", "BuyPrice":3619 }, 
{ "id":128064228, "Name":"int_sensors_size3_class1", "BuyPrice":4053 }, 
{ "id":128064218, "Name":"int_sensors_size1_class1", "BuyPrice":517 }, 
{ "id":128064223, "Name":"int_sensors_size2_class1", "BuyPrice":1448 }, 
{ "id":128064152, "Name":"int_lifesupport_size3_class5", "BuyPrice":158331 }, 
{ "id":128064147, "Name":"int_lifesupport_size2_class5", "BuyPrice":56547 }, 
{ "id":128064146, "Name":"int_lifesupport_size2_class4", "BuyPrice":22619 }, 
{ "id":128064144, "Name":"int_lifesupport_size2_class2", "BuyPrice":3619 }, 
{ "id":128064148, "Name":"int_lifesupport_size3_class1", "BuyPrice":4053 }, 
{ "id":128671232, "Name":"int_dronecontrol_collection_size1_class4", "BuyPrice":4800 }, 
{ "id":128841594, "Name":"int_dronecontrol_recon_size7_class1", "BuyPrice":612200 }, 
{ "id":128671244, "Name":"int_dronecontrol_collection_size7_class1", "BuyPrice":437400 }, 
{ "id":128841593, "Name":"int_dronecontrol_recon_size5_class1", "BuyPrice":75800 }, 
{ "id":128671240, "Name":"int_dronecontrol_collection_size5_class2", "BuyPrice":97200 }, 
{ "id":128064117, "Name":"int_hyperdrive_size4_class5", "BuyPrice":1610080 }, 
{ "id":128064126, "Name":"int_hyperdrive_size6_class4", "BuyPrice":5393177 }, 
{ "id":128064116, "Name":"int_hyperdrive_size4_class4", "BuyPrice":536693 }, 
{ "id":128064125, "Name":"int_hyperdrive_size6_class3", "BuyPrice":1797726 }, 
{ "id":128064082, "Name":"int_engine_size4_class5", "BuyPrice":1610080 }, 
{ "id":128064086, "Name":"int_engine_size5_class4", "BuyPrice":1701318 }, 
{ "id":128064081, "Name":"int_engine_size4_class4", "BuyPrice":536693 }, 
{ "id":128064090, "Name":"int_engine_size6_class3", "BuyPrice":1797726 }, 
{ "id":128064278, "Name":"int_shieldgenerator_size5_class1", "BuyPrice":63012 }, 
{ "id":128064273, "Name":"int_shieldgenerator_size4_class1", "BuyPrice":19878 }, 
{ "id":128666721, "Name":"int_fsdinterdictor_size2_class5", "BuyPrice":2721600 }, 
{ "id":128666716, "Name":"int_fsdinterdictor_size1_class4", "BuyPrice":324000 }, 
{ "id":128064257, "Name":"int_sensors_size8_class5", "BuyPrice":27249391 }, 
{ "id":128064256, "Name":"int_sensors_size8_class4", "BuyPrice":10899756 }
 ] }
