{ "timestamp":"2018-12-24T12:09:58Z", "event":"Shipyard", "MarketID":3222367232, "StationName":"Suri Gateway", "StarSystem":"Vesuvit", "Horizons":true, "AllowCobraMkIV":true, "PriceList":[ 
{ "id":128049249, "ShipType":"sidewinder", "ShipPrice":32000 }, 
{ "id":128049255, "ShipType":"eagle", "ShipPrice":44800 }, 
{ "id":128049261, "ShipType":"hauler", "ShipPrice":52720 }, 
{ "id":128049267, "ShipType":"adder", "ShipPrice":87808 }, 
{ "id":128049279, "ShipType":"cobramkiii", "ShipType_Localised":"Cobra Mk III", "ShipPrice":349718 }, 
{ "id":128049285, "ShipType":"type6", "ShipType_Localised":"Type-6 Transporter", "ShipPrice":1045945 }, 
{ "id":128672269, "ShipType":"independant_trader", "ShipType_Localised":"Keelback", "ShipPrice":3126154 }, 
{ "id":128672276, "ShipType":"asp_scout", "ShipType_Localised":"Asp Scout", "ShipPrice":3961154 }, 
{ "id":128049309, "ShipType":"vulture", "ShipPrice":4925615 }, 
{ "id":128049297, "ShipType":"type7", "ShipType_Localised":"Type-7 Transporter", "ShipPrice":17472252 }, 
{ "id":128049315, "ShipType":"empire_trader", "ShipType_Localised":"Imperial Clipper", "ShipPrice":22295860 }, 
{ "id":128785619, "ShipType":"type9_military", "ShipType_Localised":"Type-10 Defender", "ShipPrice":124755342 }
 ] }
